[key]; [value]
Version; 0x03050000
Name; Application.Trace
ApplicationName; Application
ApplicationDataGuid; 00000000-0000-0000-0000-000000000000
IecTaskName; MainTask
Comment; 
Trigger.Flags; 0
Condition.Name; 
Condition.AddrFlags; 0x00000000
Condition.Class; 0
Condition.Size; 0
EveryNCycles; 1
BufferEntries; 101
Flags; 16
0.Variable; PLC_PRG.iDato1
0.Address.AddrFlags; 0x00000000
0.Class; 7
0.Size; 2
0.GraphColor; 4278190335
0.GraphType; 1
0.MinWarningColor; 4278190080
0.MaxWarningColor; 4294901760
0.CriticalLowerLimit; 0
0.CriticalUpperLimit; 0
0.ActivateMinWarning; 0
0.ActivateMaxWarning; 0
0.YAxis; 0
0.Data; 
; 13; 0
; 33; 0
; 54; 0
; 74; 0
; 95; 0
; 117; 0
; 138; 0
; 158; 0
; 178; 0
; 199; 0
; 219; 0
; 239; 0
; 260; 0
; 281; 0
; 301; 0
; 321; 0
; 341; 0
; 362; 0
; 381; 0
; 401; 0
; 421; 0
; 442; 0
; 463; 0
; 484; 0
; 505; 0
; 526; 0
; 547; 0
; 567; 0
; 588; 0
; 609; 0
; 630; 0
; 650; 0
; 670; 0
; 690; 0
; 712; 0
; 733; 0
; 753; 0
; 773; 0
; 794; 0
; 815; 0
; 835; 0
; 857; 0
; 877; 0
; 897; 0
; 919; 0
; 939; 0
; 959; 0
; 979; 0
; 999; 0
; 1019; 0
; 1039; 0
; 1059; 0
; 1079; 0
; 1099; 0
; 1119; 0
; 1139; 0
; 1159; 0
; 1179; 0
; 1200; 0
; 1221; 0
; 1242; 0
; 1263; 0
; 1283; 0
; 1305; 0
; 1326; 0
; 1346; 0
; 1367; 0
; 1387; 0
; 1409; 0
; 1429; 0
; 1450; 0
; 1470; 0
; 1490; 0
; 1510; 0
; 1531; 0
; 1552; 0
; 1573; 0
; 1594; 0
; 1614; 0
; 1636; 0
; 1657; 0
; 1677; 0
; 1698; 0
; 1719; 0
; 1739; 0
; 1760; 0
; 1781; 0
; 1801; 0
; 1823; 0
; 1843; 0
; 1864; 0
; 1884; 0
; 1905; 0
; 1927; 0
; 1947; 0
; 1967; 0
; 1987; 0
; 2008; 0
; 2027; 0
; 2048; 0
; 2068; 0
; 2088; 0
; 2108; 0
; 2128; 0
; 2147; 0
; 2167; 0
; 2188; 0
; 2208; 0
; 2227; 0
; 2248; 0
; 2269; 0
; 2290; 0
; 2309; 0
; 2330; 0
; 2351; 0
; 2372; 0
; 2392; 0
; 2412; 0
; 2433; 0
; 2454; 0
; 2475; 0
; 2495; 0
; 2516; 0
; 2537; 0
; 2558; 0
; 2579; 0
; 2599; 0
; 2619; 0
; 2640; 0
; 2661; 0
; 2683; 0
; 2703; 0
; 2723; 0
; 2745; 0
; 2766; 0
; 2787; 0
; 2808; 0
; 2828; 0
; 2849; 0
; 2869; 0
; 2890; 0
; 2910; 0
; 2931; 0
; 2951; 0
; 2972; 0
; 2992; 0
; 3013; 0
; 3033; 0
; 3053; 0
; 3074; 0
; 3094; 0
; 3115; 0
; 3135; 0
; 3157; 0
; 3177; 0
; 3197; 0
; 3218; 0
; 3238; 0
; 3259; 0
; 3279; 0
; 3299; 0
; 3321; 0
; 3341; 0
; 3362; 0
; 3383; 0
; 3403; 0
; 3422; 0
; 3442; 0
; 3463; 0
; 3483; 0
; 3503; 0
; 3523; 0
; 3543; 0
; 3563; 0
; 3584; 0
; 3604; 0
; 3626; 0
; 3647; 0
; 3667; 0
; 3687; 0
; 3707; 0
; 3726; 0
; 3748; 0
; 3768; 0
; 3789; 0
; 3811; 0
; 3831; 0
; 3850; 0
; 3870; 0
; 3891; 0
; 3912; 0
; 3933; 0
; 3955; 0
; 3976; 0
; 3997; 0
; 4017; 0
; 4037; 0
; 4057; 0
; 4077; 0
; 4097; 0
; 4117; 0
; 4138; 0
; 4158; 0
; 4179; 0
; 4200; 0
; 4220; 0
; 4240; 0
; 4260; 0
; 4281; 0
; 4302; 0
; 4322; 0
; 4342; 0
; 4363; 0
; 4384; 0
; 4404; 0
; 4424; 0
; 4445; 0
; 4464; 0
; 4485; 0
; 4507; 0
; 4527; 0
; 4548; 0
; 4570; 0
; 4591; 0
; 4611; 0
; 4632; 0
; 4652; 0
; 4672; 0
; 4693; 0
; 4714; 0
; 4734; 0
; 4754; 0
; 4774; 0
; 4795; 0
; 4815; 0
; 4836; 0
; 4857; 0
; 4877; 0
; 4898; 0
; 4918; 0
; 4938; 0
; 4958; 0
; 4978; 0
; 4998; 0
; 5019; 0
; 5039; 0
; 5059; 0
; 5079; 0
; 5099; 0
; 5119; 0
; 5139; 0
; 5159; 0
; 5179; 0
; 5200; 0
; 5220; 0
; 5241; 0
; 5262; 0
; 5283; 0
; 5303; 0
; 5323; 0
; 5343; 0
; 5363; 0
; 5383; 0
; 5404; 0
; 5425; 0
; 5445; 0
; 5466; 0
; 5487; 0
; 5507; 0
; 5528; 0
; 5548; 0
; 5569; 0
; 5590; 0
; 5610; 0
; 5630; 0
; 5650; 0
; 5671; 0
; 5691; 0
; 5712; 0
; 5732; 0
; 5752; 0
; 5773; 0
; 5793; 0
; 5813; 0
; 5834; 0
; 5854; 0
; 5875; 0
; 5895; 0
; 5917; 0
; 5938; 0
; 5959; 0
; 5980; 0
; 6001; 0
; 6021; 0
; 6042; 0
; 6063; 0
; 6083; 0
; 6103; 0
; 6124; 0
; 6144; 0
; 6165; 0
; 6187; 0
; 6208; 0
; 6229; 0
; 6249; 0
; 6270; 0
; 6291; 0
; 6311; 0
; 6332; 0
; 6352; 0
; 6372; 0
; 6393; 0
; 6414; 0
; 6436; 0
; 6456; 0
; 6476; 0
; 6496; 0
; 6517; 0
; 6537; 0
; 6558; 0
; 6579; 0
; 6600; 0
; 6621; 0
; 6642; 0
; 6662; 0
; 6684; 0
; 6705; 0
; 6726; 0
; 6747; 0
; 6766; 0
; 6787; 0
; 6807; 0
; 6828; 0
; 6848; 0
; 6868; 0
; 6889; 0
; 6909; 0
; 6929; 0
; 6950; 0
; 6971; 0
; 6991; 0
; 7012; 0
; 7033; 0
; 7054; 0
; 7075; 0
; 7096; 0
; 7116; 0
; 7136; 0
; 7156; 0
; 7178; 0
; 7198; 0
; 7218; 0
; 7239; 0
; 7259; 0
; 7280; 0
; 7301; 0
; 7322; 0
; 7342; 0
; 7362; 0
; 7383; 0
; 7403; 0
; 7424; 0
; 7444; 0
; 7464; 0
; 7484; 0
; 7504; 0
; 7525; 0
; 7546; 0
; 7566; 0
; 7586; 0
; 7606; 0
; 7627; 0
; 7648; 0
; 7668; 0
; 7689; 0
; 7709; 0
; 7729; 0
; 7749; 0
; 7769; 0
; 7789; 0
; 7810; 0
; 7830; 0
; 7851; 0
; 7872; 0
; 7893; 0
; 7913; 0
; 7934; 0
; 7956; 0
; 7977; 0
; 7998; 0
; 8018; 0
; 8039; 0
; 8059; 0
; 8080; 0
; 8101; 0
; 8120; 0
; 8140; 0
; 8160; 0
; 8180; 0
; 8200; 0
; 8221; 0
; 8242; 0
; 8263; 0
; 8284; 0
; 8306; 0
; 8326; 0
; 8346; 0
; 8367; 0
; 8387; 0
; 8407; 0
; 8427; 0
; 8447; 0
; 8467; 0
; 8487; 0
; 8508; 0
; 8529; 0
; 8551; 0
; 8571; 0
; 8591; 0
; 8612; 0
; 8633; 0
; 8653; 0
; 8674; 0
; 8694; 0
; 8714; 0
; 8735; 0
; 8756; 0
; 8777; 0
; 8797; 0
; 8817; 0
; 8837; 0
; 8857; 0
; 8877; 0
; 8897; 0
; 8919; 0
; 8940; 0
; 8961; 0
; 8982; 0
; 9002; 0
; 9023; 0
; 9043; 0
; 9065; 0
; 9086; 0
; 9107; 0
; 9128; 0
; 9148; 0
; 9168; 0
; 9189; 0
; 9209; 0
; 9230; 0
; 9251; 0
; 9271; 0
; 9291; 0
; 9310; 0
; 9332; 0
; 9352; 0
; 9373; 0
; 9393; 0
; 9413; 0
; 9433; 0
; 9454; 0
; 9474; 0
; 9496; 0
; 9517; 0
; 9538; 0
; 9558; 0
; 9579; 0
; 9600; 0
; 9621; 0
; 9642; 0
; 9663; 0
; 9683; 0
; 9703; 0
; 9723; 0
; 9743; 0
; 9763; 0
; 9783; 0
; 9803; 0
; 9823; 0
; 9843; 0
; 9864; 0
; 9885; 0
; 9905; 0
; 9926; 0
; 9946; 0
; 9967; 0
; 9987; 0
; 10008; 0
; 10028; 0
; 10048; 0
; 10069; 0
; 10089; 0
; 10109; 0
; 10129; 0
; 10149; 0
; 10169; 0
; 10189; 0
; 10211; 0
; 10231; 0
; 10251; 0
; 10271; 0
; 10291; 0
; 10312; 0
; 10332; 0
; 10353; 0
; 10375; 0
; 10396; 0
; 10416; 0
; 10436; 0
; 10457; 0
; 10477; 0
; 10497; 0
; 10518; 0
; 10538; 0
; 10558; 0
; 10579; 0
; 10600; 0
; 10621; 0
; 10641; 0
; 10662; 0
; 10682; 0
; 10703; 0
; 10723; 0
; 10744; 0
; 10764; 0
; 10785; 0
; 10805; 0
; 10826; 0
; 10847; 0
; 10869; 0
; 10889; 0
; 10909; 0
; 10930; 0
; 10951; 0
; 10972; 0
; 10993; 0
; 11013; 0
; 11033; 0
; 11054; 0
; 11074; 0
; 11095; 0
; 11116; 0
; 11136; 0
; 11158; 0
; 11179; 0
; 11199; 0
; 11219; 0
; 11241; 0
; 11261; 0
; 11282; 0
; 11302; 0
; 11323; 0
; 11344; 0
; 11365; 0
; 11385; 0
; 11405; 0
; 11425; 0
; 11446; 0
; 11466; 0
; 11487; 0
; 11508; 0
; 11529; 0
; 11549; 0
; 11569; 0
; 11589; 0
; 11609; 0
; 11630; 0
; 11651; 0
; 11671; 0
; 11691; 0
; 11711; 0
; 11731; 0
; 11751; 0
; 11772; 0
; 11792; 0
; 11812; 0
; 11832; 0
; 11853; 0
; 11873; 0
; 11894; 0
; 11914; 0
; 11934; 0
; 11956; 0
; 11978; 0
; 11998; 0
; 12018; 0
; 12038; 0
; 12059; 0
; 12079; 0
; 12099; 0
; 12119; 0
; 12141; 0
; 12161; 0
; 12181; 0
; 12202; 0
; 12223; 0
; 12243; 0
; 12265; 0
; 12286; 0
; 12306; 0
; 12327; 0
; 12347; 0
; 12368; 0
; 12389; 0
; 12409; 0
; 12430; 0
; 12450; 0
; 12471; 0
; 12491; 0
; 12511; 0
; 12531; 0
; 12551; 0
; 12571; 0
; 12591; 0
; 12611; 0
; 12632; 0
; 12652; 0
; 12674; 0
; 12695; 0
; 12717; 0
; 12738; 0
; 12759; 0
; 12779; 0
; 12799; 0
; 12820; 0
; 12841; 0
; 12861; 0
; 12882; 0
; 12902; 0
; 12924; 0
; 12944; 0
; 12965; 0
; 12986; 0
; 13007; 0
; 13028; 0
; 13048; 0
; 13069; 0
; 13089; 0
; 13110; 0
; 13131; 0
; 13151; 0
; 13171; 0
; 13192; 0
; 13213; 0
; 13233; 0
; 13255; 0
; 13276; 0
; 13297; 0
; 13318; 0
; 13339; 0
; 13359; 0
; 13379; 0
; 13400; 0
; 13420; 0
; 13441; 0
; 13461; 0
; 13481; 0
; 13502; 0
; 13523; 0
; 13544; 0
; 13565; 0
; 13586; 0
; 13607; 0
; 13627; 0
; 13647; 0
; 13669; 0
; 13688; 0
; 13709; 0
; 13730; 0
; 13751; 0
; 13771; 0
; 13791; 0
; 13811; 0
; 13831; 0
; 13852; 0
; 13873; 0
; 13893; 0
; 13914; 0
; 13935; 0
; 13956; 0
; 13976; 0
; 13996; 0
; 14017; 0
; 14037; 0
; 14057; 0
; 14078; 0
; 14099; 0
; 14120; 0
; 14140; 0
; 14160; 0
; 14180; 0
; 14200; 0
; 14220; 0
; 14240; 0
; 14260; 0
; 14280; 0
; 14300; 0
; 14321; 0
; 14341; 0
; 14362; 0
; 14383; 0
; 14403; 0
; 14424; 0
; 14446; 0
; 14466; 0
; 14486; 0
; 14507; 0
; 14527; 0
; 14548; 0
; 14568; 0
; 14589; 0
; 14609; 0
; 14630; 0
; 14650; 0
; 14670; 0
; 14690; 0
; 14711; 0
; 14731; 0
; 14751; 0
; 14772; 0
; 14793; 0
; 14815; 0
; 14835; 0
; 14856; 0
; 14877; 0
; 14897; 0
; 14918; 0
; 14938; 0
; 14959; 0
; 14979; 0
; 14999; 0
; 15019; 0
; 15041; 0
; 15062; 0
; 15083; 0
; 15104; 0
; 15125; 0
; 15145; 0
; 15166; 0
; 15187; 0
; 15208; 0
; 15228; 0
; 15249; 0
; 15269; 0
; 15290; 0
; 15310; 0
; 15331; 0
; 15351; 0
; 15372; 0
; 15392; 0
; 15412; 0
; 15432; 0
; 15453; 0
; 15473; 0
; 15493; 0
; 15513; 0
; 15533; 0
; 15554; 0
; 15575; 0
; 15596; 0
; 15617; 0
; 15637; 0
; 15658; 0
; 15678; 0
; 15699; 0
; 15719; 0
; 15739; 0
; 15760; 0
; 15780; 0
; 15800; 0
; 15820; 0
; 15840; 0
; 15860; 0
; 15882; 0
; 15903; 0
; 15925; 0
; 15946; 0
; 15967; 0
; 15988; 0
; 16008; 0
; 16028; 0
; 16049; 0
; 16070; 0
; 16090; 0
; 16111; 0
; 16132; 0
; 16153; 0
; 16173; 0
; 16195; 0
; 16214; 0
; 16236; 0
; 16256; 0
; 16276; 0
; 16296; 0
; 16316; 0
; 16337; 0
; 16357; 0
; 16378; 0
; 16399; 0
; 16420; 0
; 16440; 0
; 16460; 0
; 16480; 0
; 16501; 0
; 16522; 0
; 16543; 0
; 16563; 0
; 16584; 0
; 16605; 0
; 16626; 0
; 16647; 0
; 16667; 0
; 16688; 0
; 16708; 0
; 16730; 0
; 16750; 0
; 16771; 0
; 16792; 0
; 16813; 0
; 16834; 0
; 16854; 0
; 16876; 0
; 16895; 0
; 16915; 0
; 16935; 0
; 16956; 0
; 16976; 0
; 16997; 0
; 17016; 0
; 17037; 0
; 17057; 0
; 17079; 0
; 17099; 0
; 17119; 0
; 17141; 0
; 17162; 0
; 17182; 0
; 17202; 0
; 17224; 0
; 17244; 0
; 17265; 0
; 17285; 0
; 17304; 0
; 17325; 0
; 17346; 0
; 17367; 0
; 17389; 0
; 17408; 0
; 17429; 0
; 17451; 0
; 17471; 0
; 17493; 0
; 17514; 0
; 17534; 0
; 17554; 0
; 17575; 0
; 17596; 0
; 17616; 0
; 17636; 0
; 17657; 0
; 17677; 0
; 17697; 0
; 17717; 0
; 17737; 0
; 17758; 0
; 17778; 0
; 17799; 0
; 17819; 0
; 17839; 0
; 17859; 0
; 17879; 0
; 17899; 0
; 17920; 0
; 17942; 0
; 17963; 0
; 17984; 0
; 18005; 0
; 18026; 0
; 18046; 0
; 18066; 0
; 18087; 0
; 18109; 0
; 18130; 0
; 18151; 0
; 18172; 0
; 18192; 0
; 18213; 0
; 18235; 0
; 18255; 0
; 18276; 0
; 18297; 0
; 18319; 0
; 18339; 0
; 18359; 0
; 18379; 0
; 18399; 0
; 18419; 0
; 18440; 0
; 18460; 0
; 18481; 0
; 18500; 0
; 18520; 0
; 18541; 0
; 18561; 0
; 18582; 0
; 18602; 0
; 18623; 0
; 18642; 0
; 18663; 0
; 18683; 0
; 18704; 0
; 18725; 0
; 18745; 0
; 18765; 0
; 18786; 0
; 18806; 0
; 18827; 0
; 18847; 0
; 18867; 0
; 18887; 0
; 18907; 0
; 18928; 0
; 18948; 0
; 18968; 0
; 18988; 0
; 19008; 0
; 19029; 0
; 19050; 0
; 19071; 0
; 19092; 0
; 19112; 0
; 19132; 0
; 19152; 0
; 19173; 0
; 19194; 0
; 19215; 0
; 19235; 0
; 19255; 0
; 19275; 0
; 19295; 0
; 19316; 0
; 19336; 0
; 19357; 0
; 19378; 0
; 19399; 0
; 19420; 0
; 19441; 0
; 19462; 0
; 19482; 0
; 19502; 0
; 19521; 0
; 19542; 0
; 19562; 0
; 19583; 0
; 19603; 0
; 19624; 0
; 19644; 0
; 19665; 0
; 19686; 0
; 19707; 0
; 19727; 0
; 19747; 0
; 19767; 0
; 19787; 0
; 19808; 0
; 19828; 0
; 19849; 0
; 19870; 0
; 19890; 0
; 19911; 0
; 19932; 0
; 19952; 0
; 19973; 0
; 19993; 0
; 20013; 0
; 20033; 0
; 20053; 0
; 20073; 0
; 20094; 0
; 20114; 0
; 20135; 0
; 20156; 0
; 20177; 0
; 20198; 0
; 20218; 0
; 20238; 0
; 20259; 0
; 20279; 0
; 20299; 0
; 20319; 0
; 20339; 0
; 20359; 0
; 20379; 0
; 20399; 0
; 20419; 0
; 20439; 0
; 20460; 0
; 20479; 0
; 20499; 0
; 20520; 0
; 20541; 0
; 20561; 0
; 20582; 0
; 20602; 0
; 20622; 0
; 20644; 0
; 20665; 0
; 20687; 0
; 20707; 0
; 20728; 0
; 20748; 0
; 20769; 0
; 20789; 0
; 20809; 0
; 20830; 0
; 20850; 0
; 20870; 0
; 20892; 0
; 20912; 0
; 20932; 0
; 20953; 0
; 20974; 0
; 20994; 0
; 21014; 0
; 21036; 0
; 21057; 0
; 21078; 0
; 21099; 0
; 21119; 0
; 21140; 0
; 21160; 0
; 21181; 0
; 21202; 0
; 21224; 0
; 21245; 0
; 21265; 0
; 21285; 0
; 21307; 0
; 21328; 0
; 21348; 0
; 21369; 0
; 21389; 0
; 21409; 0
; 21430; 0
; 21451; 0
; 21471; 0
; 21492; 0
; 21513; 0
; 21533; 0
; 21554; 0
; 21575; 0
; 21596; 0
; 21616; 0
; 21637; 0
; 21658; 0
; 21679; 0
; 21699; 0
; 21721; 0
; 21741; 0
; 21760; 0
; 21782; 0
; 21802; 0
; 21823; 0
; 21843; 0
; 21864; 0
; 21885; 0
; 21906; 0
; 21927; 0
; 21948; 0
; 21969; 0
; 21990; 0
; 22010; 0
; 22031; 0
; 22052; 0
; 22074; 0
; 22094; 0
; 22113; 0
; 22133; 0
; 22154; 0
; 22176; 0
; 22196; 0
; 22216; 0
; 22237; 0
; 22259; 0
; 22280; 0
; 22300; 0
; 22321; 0
; 22341; 0
; 22362; 0
; 22383; 0
; 22404; 0
; 22426; 0
; 22446; 0
; 22467; 0
; 22487; 0
; 22508; 0
; 22528; 0
; 22548; 0
; 22568; 0
; 22588; 0
; 22608; 0
; 22629; 0
; 22650; 0
; 22671; 0
; 22692; 0
; 22713; 0
; 22733; 0
; 22753; 0
; 22773; 0
; 22794; 0
; 22815; 0
; 22836; 0
; 22856; 0
; 22875; 0
; 22895; 0
; 22915; 0
; 22936; 0
; 22957; 0
; 22977; 0
; 22997; 0
; 23017; 0
; 23038; 0
; 23059; 0
; 23079; 0
; 23101; 0
; 23121; 0
; 23142; 0
; 23163; 0
; 23185; 0
; 23205; 0
; 23227; 0
; 23247; 0
; 23267; 0
; 23287; 0
; 23307; 0
; 23328; 0
; 23349; 0
; 23370; 0
; 23390; 0
; 23410; 0
; 23430; 0
; 23451; 0
; 23471; 0
; 23491; 0
; 23512; 0
; 23532; 0
; 23553; 0
; 23573; 0
; 23593; 0
; 23613; 0
; 23634; 0
; 23653; 0
; 23674; 0
; 23694; 0
; 23715; 0
; 23735; 0
; 23755; 0
; 23775; 0
; 23795; 0
; 23815; 0
; 23835; 0
; 23856; 0
; 23876; 0
; 23896; 0
; 23916; 0
; 23938; 0
; 23957; 0
; 23977; 0
; 23998; 0
; 24018; 0
; 24038; 0
; 24058; 0
; 24078; 0
; 24099; 0
; 24119; 0
; 24139; 0
; 24159; 0
; 24179; 0
; 24200; 0
; 24221; 0
; 24242; 0
; 24263; 0
; 24284; 0
; 24306; 0
; 24326; 0
; 24347; 0
; 24367; 0
; 24387; 0
; 24407; 0
; 24427; 0
; 24448; 0
; 24469; 0
; 24489; 0
; 24510; 0
; 24530; 0
; 24550; 0
; 24571; 0
; 24592; 0
; 24612; 0
; 24632; 0
; 24653; 0
; 24673; 0
; 24694; 0
; 24715; 0
; 24736; 0
; 24756; 0
; 24777; 0
; 24798; 0
; 24818; 0
; 24839; 0
; 24859; 0
; 24879; 0
; 24899; 0
; 24920; 0
; 24941; 0
; 24962; 0
; 24983; 0
; 25003; 0
; 25023; 0
; 25044; 0
; 25064; 0
; 25085; 0
; 25105; 0
; 25126; 0
; 25148; 0
; 25168; 0
; 25190; 0
; 25211; 0
; 25231; 0
; 25251; 0
; 25272; 0
; 25292; 0
; 25313; 0
; 25334; 0
; 25355; 0
; 25375; 0
; 25396; 0
; 25417; 0
; 25438; 0
; 25459; 0
; 25479; 0
; 25499; 0
; 25520; 0
; 25541; 0
; 25561; 0
; 25581; 0
; 25603; 0
; 25624; 0
; 25644; 0
; 25664; 0
; 25684; 0
; 25704; 0
; 25726; 0
; 25746; 0
; 25766; 0
; 25786; 0
; 25806; 0
; 25826; 0
; 25846; 0
; 25866; 0
; 25885; 0
; 25906; 0
; 25927; 0
; 25948; 0
; 25968; 0
; 25989; 0
; 26009; 0
; 26030; 0
; 26050; 0
; 26070; 0
; 26091; 0
; 26112; 0
; 26133; 0
; 26154; 0
; 26175; 0
; 26195; 0
; 26216; 0
; 26236; 0
; 26256; 0
; 26276; 0
; 26296; 0
; 26316; 0
; 26336; 0
; 26357; 0
; 26378; 0
; 26399; 0
; 26419; 0
; 26440; 0
; 26462; 0
; 26482; 0
; 26504; 0
; 26525; 0
; 26545; 0
; 26566; 0
; 26587; 0
; 26608; 0
; 26628; 0
; 26649; 0
; 26671; 0
; 26692; 0
; 26713; 0
; 26733; 0
; 26753; 0
; 26773; 0
; 26793; 0
; 26813; 0
; 26833; 0
; 26854; 0
; 26874; 0
; 26894; 0
; 26914; 0
; 26934; 0
; 26955; 0
; 26975; 0
; 26995; 0
; 27015; 0
; 27036; 0
; 27056; 0
; 27075; 0
; 27096; 0
; 27117; 0
; 27137; 0
; 27157; 0
; 27177; 0
; 27197; 0
; 27218; 0
; 27238; 0
; 27258; 0
; 27278; 0
; 27299; 0
; 27321; 0
; 27341; 0
; 27361; 0
; 27382; 0
; 27401; 0
; 27423; 0
; 27444; 0
; 27464; 0
; 27485; 0
; 27505; 0
; 27525; 0
; 27545; 0
; 27565; 0
; 27585; 0
; 27606; 0
; 27626; 0
; 27646; 0
; 27667; 0
; 27688; 0
; 27709; 0
; 27729; 0
; 27750; 0
; 27770; 0
; 27791; 0
; 27811; 0
; 27832; 0
; 27852; 0
; 27872; 0
; 27893; 0
; 27913; 0
; 27934; 0
; 27955; 0
; 27975; 0
; 27995; 0
; 28017; 0
; 28037; 0
; 28057; 0
; 28077; 2
; 28098; 2
; 28119; 2
; 28139; 2
; 28160; 2
; 28180; 2
; 28202; 2
; 28222; 2
; 28242; 2
; 28262; 7
; 28283; 7
; 28303; 7
; 28323; 7
; 28344; 7
; 28364; 7
; 28383; 7
; 28403; 7
; 28424; 7
; 28445; 7
; 28465; 7
; 28487; 7
; 28507; 7
; 28528; 7
; 28549; 7
; 28569; 10
; 28589; 10
; 28610; 10
; 28630; 10
; 28650; 10
; 28670; 10
; 28691; 10
; 28710; 10
; 28731; 10
; 28751; 10
; 28772; 10
; 28793; 10
; 28813; 10
; 28834; 10
; 28855; 10
; 28875; 10
; 28895; 10
; 28916; 10
; 28936; 10
; 28957; 10
; 28978; 13
; 28998; 13
; 29018; 13
; 29040; 13
; 29061; 13
; 29082; 13
; 29103; 13
; 29124; 13
; 29146; 13
; 29166; 13
; 29186; 13
; 29207; 13
; 29227; 13
; 29247; 13
; 29266; 13
; 29287; 13
; 29308; 13
; 29329; 13
; 29350; 13
; 29369; 15
; 29389; 15
; 29409; 15
; 29429; 15
; 29449; 15
; 29469; 15
; 29490; 15
; 29510; 15
; 29530; 15
; 29551; 15
; 29571; 15
; 29592; 15
; 29613; 15
; 29635; 15
; 29654; 15
; 29674; 15
; 29695; 15
; 29715; 15
; 29737; 15
; 29757; 15
; 29776; 16
; 29798; 16
; 29818; 16
; 29838; 16
; 29858; 16
; 29878; 16
; 29900; 16
; 29921; 16
; 29942; 16
; 29963; 16
; 29983; 16
; 30004; 16
; 30024; 16
; 30045; 16
; 30065; 16
; 30087; 16
; 30106; 16
; 30126; 16
; 30147; 16
; 30167; 16
; 30187; 16
; 30207; 16
; 30229; 16
; 30249; 16
; 30270; 16
; 30291; 16
; 30312; 16
; 30332; 16
; 30353; 16
; 30373; 16
; 30394; 16
; 30415; 16
; 30436; 16
; 30457; 16
; 30477; 16
; 30498; 16
; 30519; 16
; 30539; 16
; 30560; 16
; 30580; 15
; 30601; 15
; 30621; 15
; 30641; 15
; 30662; 15
; 30682; 15
; 30702; 15
; 30722; 15
; 30743; 15
; 30765; 15
; 30785; 13
; 30805; 13
; 30825; 13
; 30845; 13
; 30865; 13
; 30886; 13
; 30907; 13
; 30927; 13
; 30947; 13
; 30967; 13
; 30988; 10
; 31008; 10
; 31028; 10
; 31050; 10
; 31070; 10
; 31091; 10
; 31112; 10
; 31132; 10
; 31152; 10
; 31173; 10
; 31193; 10
; 31213; 10
; 31234; 10
; 31255; 10
; 31275; 10
; 31297; 10
; 31317; 10
; 31337; 10
; 31358; 10
; 31378; 10
; 31399; 10
; 31421; 10
; 31441; 10
; 31461; 10
; 31482; 10
; 31502; 10
; 31523; 10
; 31543; 10
; 31564; 10
; 31584; 10
; 31605; 10
; 31626; 10
; 31647; 10
; 31667; 10
; 31688; 10
; 31709; 10
; 31729; 10
; 31750; 10
; 31770; 10
; 31791; 10
; 31811; 10
; 31832; 10
; 31853; 10
; 31874; 10
; 31896; 10
; 31916; 10
; 31936; 10
; 31956; 10
; 31978; 10
; 31999; 10
; 32019; 10
; 32039; 10
; 32059; 10
; 32079; 10
; 32099; 10
; 32120; 10
; 32140; 10
; 32161; 10
; 32181; 10
; 32202; 10
; 32223; 10
; 32243; 10
; 32264; 10
; 32284; 10
; 32306; 10
; 32327; 10
; 32347; 10
; 32367; 10
; 32387; 10
; 32408; 10
; 32429; 10
; 32450; 10
; 32471; 10
; 32491; 10
; 32511; 10
; 32532; 10
; 32553; 10
; 32574; 10
; 32594; 10
; 32615; 10
; 32636; 10
; 32656; 10
; 32676; 10
; 32697; 10
; 32717; 10
; 32738; 10
; 32758; 10
; 32778; 10
; 32799; 10
; 32819; 10
; 32839; 10
; 32861; 10
; 32882; 10
; 32903; 10
; 32923; 10
; 32943; 10
; 32964; 10
; 32985; 10
; 33006; 10
; 33026; 10
; 33046; 10
; 33066; 10
; 33086; 10
; 33106; 10
; 33126; 10
; 33146; 10
; 33166; 10
; 33186; 10
; 33206; 10
; 33227; 10
; 33247; 10
; 33267; 10
; 33287; 10
; 33307; 10
; 33327; 10
; 33347; 10
; 33367; 10
; 33388; 10
; 33408; 10
; 33428; 10
; 33448; 10
; 33468; 10
; 33488; 10
; 33508; 10
; 33528; 10
; 33548; 10
; 33568; 10
; 33588; 10
; 33608; 10
; 33628; 10
; 33649; 10
; 33669; 10
; 33689; 10
; 33710; 10
; 33730; 10
; 33750; 10
; 33771; 10
; 33791; 10
; 33811; 10
; 33831; 10
; 33851; 10
; 33872; 10
; 33892; 10
; 33912; 10
; 33933; 10
; 33953; 10
; 33975; 10
; 33995; 10
; 34015; 10
; 34035; 10
; 34056; 10
; 34078; 10
; 34099; 10
; 34119; 10
; 34139; 10
; 34159; 10
; 34179; 10
; 34201; 10
; 34221; 10
; 34243; 10
; 34264; 10
; 34285; 10
; 34305; 10
; 34326; 10
; 34346; 10
; 34366; 10
; 34385; 10
; 34406; 10
; 34427; 10
; 34448; 10
; 34469; 10
; 34489; 10
; 34509; 10
; 34531; 10
; 34551; 10
; 34573; 10
; 34594; 10
; 34615; 10
; 34635; 10
; 34656; 10
; 34677; 10
; 34697; 10
; 34717; 10
; 34737; 10
; 34757; 10
; 34777; 10
; 34797; 10
; 34817; 10
; 34837; 10
; 34859; 10
; 34879; 10
; 34899; 10
; 34919; 10
; 34941; 10
; 34961; 10
; 34981; 10
; 35002; 10
; 35022; 10
; 35042; 10
; 35064; 10
; 35084; 10
; 35104; 10
; 35126; 10
; 35146; 10
; 35166; 10
; 35186; 10
; 35207; 10
; 35228; 10
; 35248; 10
; 35269; 10
; 35289; 10
; 35309; 10
; 35329; 10
; 35350; 10
; 35371; 10
; 35391; 10
; 35412; 10
; 35433; 10
; 35453; 10
; 35475; 10
; 35495; 10
; 35516; 10
; 35537; 10
; 35557; 10
; 35577; 10
; 35599; 10
; 35619; 10
; 35639; 10
; 35660; 10
; 35681; 10
; 35701; 10
; 35721; 10
; 35741; 10
; 35761; 10
; 35782; 10
; 35803; 10
; 35823; 10
; 35843; 10
; 35863; 10
; 35883; 10
; 35903; 10
; 35923; 10
; 35944; 10
; 35964; 10
; 35985; 10
; 36005; 10
; 36026; 10
; 36046; 10
; 36067; 10
; 36088; 10
; 36109; 10
; 36130; 10
; 36151; 10
; 36171; 10
; 36192; 10
; 36212; 10
; 36233; 10
; 36254; 10
; 36275; 10
; 36295; 10
; 36315; 10
; 36335; 10
; 36355; 10
; 36375; 10
; 36396; 10
; 36416; 10
; 36436; 10
; 36456; 10
; 36477; 10
; 36499; 10
; 36519; 10
; 36539; 10
; 36561; 10
; 36581; 10
; 36601; 10
; 36621; 10
; 36642; 10
; 36662; 10
; 36683; 10
; 36705; 10
; 36725; 10
; 36746; 10
; 36766; 10
; 36787; 10
; 36807; 10
; 36828; 10
; 36849; 10
; 36870; 10
; 36890; 10
; 36910; 10
; 36931; 10
; 36951; 10
; 36971; 10
; 36991; 10
; 37012; 10
; 37032; 10
; 37053; 10
; 37074; 10
; 37095; 10
; 37116; 10
; 37136; 10
; 37157; 10
; 37177; 10
; 37199; 10
; 37220; 10
; 37241; 10
; 37262; 10
; 37282; 10
; 37303; 10
; 37324; 10
; 37345; 10
; 37366; 10
; 37386; 10
; 37407; 10
; 37427; 10
; 37447; 10
; 37467; 10
; 37488; 10
; 37509; 10
; 37529; 10
; 37551; 10
; 37571; 10
; 37592; 10
; 37612; 10
; 37634; 10
; 37655; 10
; 37675; 10
; 37696; 10
; 37717; 10
; 37739; 10
; 37760; 10
; 37781; 10
; 37802; 10
; 37822; 10
; 37842; 10
; 37862; 10
; 37883; 10
; 37904; 10
; 37925; 10
; 37945; 10
; 37966; 10
; 37987; 10
; 38008; 10
; 38028; 10
; 38049; 10
; 38069; 10
; 38089; 10
; 38109; 10
; 38130; 10
; 38151; 10
; 38172; 10
; 38193; 10
; 38213; 10
; 38235; 10
; 38255; 10
; 38275; 10
; 38296; 10
; 38316; 10
; 38337; 10
; 38357; 10
; 38378; 10
; 38399; 10
; 38420; 10
; 38441; 10
; 38463; 10
; 38483; 10
; 38503; 10
; 38523; 10
; 38543; 10
; 38563; 10
; 38583; 10
; 38604; 10
; 38625; 10
; 38647; 10
; 38668; 10
; 38689; 10
; 38709; 10
; 38731; 10
; 38751; 10
; 38771; 10
; 38792; 10
; 38813; 10
; 38833; 10
; 38853; 10
; 38873; 10
; 38894; 10
; 38914; 10
; 38934; 10
; 38955; 10
; 38975; 10
; 38996; 10
; 39016; 10
; 39036; 10
; 39056; 10
; 39077; 10
; 39097; 10
; 39117; 10
; 39137; 10
; 39157; 10
; 39177; 10
; 39199; 10
; 39219; 10
; 39240; 10
; 39260; 10
; 39280; 10
; 39301; 10
; 39321; 10
; 39341; 10
; 39363; 10
; 39383; 10
; 39403; 10
; 39424; 10
; 39444; 10
; 39464; 10
; 39484; 10
; 39504; 10
; 39524; 10
; 39544; 10
; 39565; 10
; 39585; 10
; 39605; 10
; 39625; 10
; 39644; 10
; 39666; 10
; 39687; 10
; 39707; 10
; 39728; 10
; 39749; 13
; 39769; 13
; 39789; 13
; 39809; 13
; 39829; 13
; 39849; 15
; 39869; 15
; 39891; 15
; 39910; 15
; 39931; 15
; 39951; 20
; 39971; 20
; 39992; 20
; 40012; 20
; 40034; 20
; 40054; 21
; 40074; 21
; 40095; 21
; 40116; 21
; 40137; 21
; 40158; 21
; 40179; 21
; 40199; 21
; 40219; 21
; 40239; 21
; 40260; 21
; 40280; 21
; 40301; 21
; 40322; 21
; 40342; 23
; 40362; 23
; 40384; 23
; 40404; 23
; 40424; 23
; 40446; 23
; 40467; 23
; 40487; 23
; 40507; 23
; 40529; 23
; 40549; 23
; 40569; 23
; 40590; 23
; 40610; 23
; 40630; 23
; 40650; 23
; 40670; 23
; 40690; 23
; 40710; 23
; 40730; 23
; 40750; 23
; 40771; 23
; 40791; 23
; 40811; 23
; 40833; 23
; 40854; 23
; 40874; 23
; 40894; 23
; 40915; 23
; 40936; 23
; 40957; 23
; 40978; 23
; 40998; 23
; 41020; 23
; 41040; 23
; 41060; 23
; 41081; 23
; 41102; 23
; 41122; 23
; 41142; 23
; 41162; 23
; 41183; 23
; 41204; 23
; 41225; 23
; 41245; 23
; 41265; 23
; 41287; 23
; 41308; 23
; 41329; 23
; 41350; 23
; 41371; 23
; 41391; 23
; 41412; 23
; 41432; 23
; 41452; 23
; 41473; 23
; 41493; 23
; 41513; 23
; 41534; 23
; 41554; 23
; 41575; 23
; 41595; 23
; 41616; 23
; 41636; 23
; 41657; 23
; 41679; 23
; 41700; 23
; 41721; 23
; 41741; 23
; 41762; 23
; 41782; 23
; 41802; 23
; 41822; 23
; 41842; 23
; 41862; 23
; 41882; 23
; 41902; 23
; 41923; 23
; 41944; 23
; 41964; 23
; 41984; 23
; 42004; 23
; 42025; 23
; 42045; 23
; 42066; 23
; 42087; 23
; 42107; 23
; 42127; 23
; 42147; 23
; 42168; 23
; 42189; 23
; 42208; 23
; 42229; 23
; 42250; 23
; 42270; 23
; 42291; 23
; 42311; 23
; 42330; 23
; 42351; 23
; 42371; 23
; 42392; 23
; 42412; 23
; 42432; 23
; 42452; 23
; 42474; 23
; 42494; 23
; 42514; 23
; 42534; 23
; 42554; 23
; 42574; 23
; 42594; 23
; 42614; 23
; 42634; 23
; 42655; 23
; 42676; 23
; 42698; 23
; 42719; 23
; 42739; 23
; 42759; 23
; 42780; 23
; 42799; 23
; 42821; 23
; 42842; 23
; 42863; 23
; 42883; 23
; 42903; 23
; 42923; 23
; 42944; 23
; 42965; 23
; 42986; 23
; 43008; 23
; 43029; 23
; 43049; 23
; 43070; 23
; 43090; 23
; 43110; 23
; 43131; 23
; 43152; 23
; 43172; 23
; 43193; 23
; 43213; 23
; 43233; 23
; 43254; 23
; 43275; 23
; 43295; 23
; 43315; 23
; 43335; 23
; 43356; 23
; 43377; 23
; 43397; 23
; 43417; 23
; 43438; 23
; 43459; 23
; 43479; 23
; 43499; 23
; 43519; 23
; 43540; 23
; 43560; 23
; 43581; 23
; 43602; 23
; 43623; 23
; 43643; 23
; 43663; 23
; 43684; 23
; 43704; 23
; 43725; 23
; 43745; 23
; 43766; 23
; 43786; 23
; 43806; 23
; 43826; 23
; 43847; 23
; 43867; 23
; 43888; 23
; 43907; 23
; 43927; 23
; 43947; 23
; 43967; 23
; 43988; 23
; 44008; 23
; 44029; 23
; 44049; 23
; 44069; 23
; 44090; 23
; 44110; 23
; 44130; 23
; 44151; 23
; 44172; 23
; 44192; 23
; 44212; 23
; 44232; 23
; 44253; 23
; 44274; 23
; 44295; 23
; 44315; 23
; 44336; 23
; 44358; 23
; 44377; 23
; 44398; 23
; 44419; 23
; 44440; 23
; 44461; 23
; 44481; 23
; 44501; 23
; 44521; 23
; 44541; 23
; 44561; 23
; 44582; 23
; 44602; 23
; 44624; 23
; 44643; 23
; 44663; 23
; 44683; 23
; 44703; 23
; 44725; 23
; 44744; 23
; 44765; 23
; 44785; 23
; 44806; 23
; 44828; 23
; 44849; 23
; 44869; 23
; 44889; 23
; 44910; 23
; 44931; 23
; 44951; 23
; 44972; 23
; 44993; 23
; 45014; 23
; 45034; 23
; 45055; 23
; 45076; 23
; 45095; 23
; 45115; 23
; 45136; 23
; 45156; 23
; 45176; 23
; 45198; 23
; 45219; 23
; 45240; 23
; 45261; 23
; 45282; 23
; 45302; 23
; 45323; 23
; 45344; 23
; 45364; 23
; 45385; 23
; 45405; 23
; 45425; 23
; 45445; 23
; 45466; 23
; 45487; 23
; 45507; 23
; 45529; 23
; 45549; 23
; 45570; 23
; 45590; 23
; 45611; 23
; 45631; 23
; 45651; 23
; 45671; 23
; 45692; 23
; 45713; 23
; 45735; 23
; 45754; 23
; 45775; 23
; 45797; 23
; 45817; 23
; 45838; 23
; 45858; 23
; 45878; 23
; 45899; 23
; 45920; 23
; 45941; 23
; 45961; 23
; 45981; 23
; 46002; 23
; 46023; 23
; 46043; 23
; 46064; 23
; 46084; 23
; 46104; 23
; 46124; 23
; 46145; 23
; 46166; 23
; 46187; 23
; 46207; 23
; 46227; 23
; 46247; 23
; 46267; 23
; 46287; 23
; 46308; 23
; 46328; 23
; 46348; 23
; 46368; 23
; 46389; 23
; 46410; 23
; 46430; 23
; 46450; 23
; 46470; 23
; 46491; 23
; 46511; 23
; 46532; 23
; 46552; 23
; 46572; 23
; 46592; 23
; 46612; 23
; 46633; 23
; 46653; 23
; 46674; 23
; 46695; 23
; 46715; 23
; 46735; 23
; 46755; 23
; 46775; 23
; 46795; 23
; 46816; 23
; 46835; 23
; 46855; 23
; 46877; 23
; 46897; 23
; 46918; 23
; 46938; 23
; 46959; 23
; 46979; 23
; 46999; 23
; 47019; 23
; 47040; 23
; 47060; 23
; 47081; 23
; 47101; 23
; 47121; 23
; 47141; 23
; 47162; 23
; 47183; 23
; 47203; 23
; 47225; 23
; 47246; 23
; 47267; 23
; 47288; 23
; 47308; 23
; 47328; 23
; 47349; 23
; 47370; 23
; 47392; 23
; 47413; 23
; 47433; 23
; 47453; 23
; 47475; 23
; 47495; 23
; 47515; 23
; 47536; 23
; 47556; 23
; 47577; 23
; 47598; 23
; 47618; 23
; 47638; 23
; 47658; 23
; 47678; 23
; 47698; 23
; 47719; 23
; 47740; 23
; 47761; 23
; 47783; 23
; 47804; 23
; 47825; 23
; 47846; 23
; 47866; 23
; 47887; 23
; 47908; 23
; 47929; 23
; 47950; 23
; 47970; 23
; 47992; 23
; 48012; 23
; 48032; 23
; 48054; 23
; 48075; 23
; 48096; 23
; 48115; 23
; 48137; 23
; 48157; 23
; 48178; 23
; 48199; 23
; 48219; 23
; 48241; 23
; 48262; 23
; 48281; 23
; 48303; 23
; 48324; 23
; 48345; 23
; 48365; 23
; 48385; 23
; 48405; 23
; 48426; 23
; 48446; 23
; 48467; 23
; 48486; 23
; 48507; 23
; 48527; 23
; 48548; 23
; 48569; 23
; 48589; 23
; 48609; 23
; 48630; 23
; 48651; 23
; 48671; 23
; 48691; 23
; 48712; 23
; 48732; 23
; 48752; 23
; 48772; 23
; 48792; 23
; 48813; 23
; 48832; 23
; 48854; 23
; 48874; 23
; 48895; 23
; 48916; 23
; 48937; 23
; 48958; 23
; 48979; 23
; 48999; 23
; 49019; 23
; 49040; 23
; 49061; 23
; 49081; 23
; 49101; 23
; 49122; 23
; 49144; 23
; 49164; 23
; 49184; 23
; 49206; 23
; 49226; 23
; 49247; 23
; 49268; 23
; 49288; 23
; 49309; 23
; 49330; 23
; 49351; 23
; 49371; 23
; 49392; 23
; 49413; 23
; 49433; 23
; 49454; 23
; 49474; 23
; 49495; 23
; 49515; 23
; 49535; 23
; 49555; 23
; 49576; 23
; 49596; 23
; 49616; 23
; 49636; 23
; 49656; 23
; 49677; 23
; 49699; 23
; 49721; 23
; 49741; 23
; 49762; 23
; 49782; 23
; 49802; 23
; 49822; 23
; 49843; 23
; 49864; 23
; 49885; 23
; 49906; 23
; 49925; 23
; 49946; 23
; 49967; 23
; 49988; 23
; 50008; 23
; 50028; 23
; 50050; 23
; 50070; 23
; 50091; 23
; 50111; 23
; 50132; 23
; 50153; 23
; 50174; 23
; 50195; 23
; 50215; 23
; 50236; 23
; 50256; 23
; 50276; 23
; 50296; 23
; 50318; 23
; 50338; 23
; 50358; 23
; 50377; 23
; 50397; 23
; 50418; 23
; 50439; 23
; 50459; 23
; 50479; 23
; 50501; 23
; 50521; 23
; 50541; 23
; 50562; 23
; 50583; 23
; 50604; 23
; 50624; 23
; 50645; 23
; 50666; 23
; 50688; 23
; 50709; 23
; 50729; 23
; 50749; 23
; 50770; 23
; 50790; 23
; 50810; 23
; 50831; 23
; 50851; 23
; 50871; 23
; 50891; 23
; 50911; 23
; 50931; 23
; 50952; 23
; 50972; 23
; 50992; 23
; 51013; 23
; 51035; 23
; 51055; 23
; 51075; 23
; 51095; 23
; 51115; 23
; 51137; 23
; 51157; 23
; 51177; 23
; 51198; 23
; 51219; 23
; 51239; 23
; 51259; 23
; 51279; 23
; 51299; 23
; 51319; 23
; 51340; 23
; 51360; 23
; 51380; 23
; 51401; 23
; 51421; 23
; 51442; 23
; 51462; 23
; 51482; 23
; 51504; 23
; 51525; 23
; 51545; 23
; 51565; 23
; 51587; 23
; 51607; 23
; 51628; 23
; 51650; 23
; 51670; 23
; 51692; 23
; 51712; 23
; 51733; 23
; 51754; 23
; 51774; 23
; 51796; 23
; 51816; 23
; 51837; 23
; 51858; 23
; 51880; 23
; 51900; 23
; 51921; 22
; 51942; 22
; 51963; 22
; 51984; 22
; 52006; 22
; 52025; 21
; 52046; 21
; 52067; 21
; 52087; 21
; 52107; 21
; 52127; 21
; 52148; 21
; 52168; 21
; 52189; 21
; 52209; 21
; 52229; 21
; 52250; 21
; 52271; 21
; 52292; 21
; 52313; 21
; 52335; 21
; 52355; 21
; 52375; 21
; 52396; 21
; 52417; 21
; 52437; 20
; 52457; 20
; 52479; 20
; 52499; 20
; 52519; 20
; 52541; 20
; 52561; 20
; 52581; 20
; 52602; 20
; 52623; 20
; 52643; 20
; 52663; 20
; 52683; 20
; 52703; 20
; 52724; 20
; 52744; 20
; 52765; 20
; 52785; 20
; 52806; 20
; 52826; 20
; 52847; 20
; 52868; 20
; 52888; 20
; 52909; 20
; 52929; 20
; 52949; 20
; 52969; 20
; 52989; 20
; 53009; 20
; 53030; 20
; 53050; 20
; 53070; 20
; 53092; 20
; 53113; 20
; 53133; 20
; 53153; 20
; 53174; 20
; 53195; 20
; 53215; 20
; 53236; 20
; 53257; 20
; 53277; 20
; 53297; 20
; 53317; 20
; 53338; 19
; 53359; 19
; 53379; 19
; 53400; 19
; 53421; 19
; 53441; 18
; 53461; 18
; 53481; 18
; 53502; 18
; 53523; 18
; 53545; 18
; 53566; 18
; 53586; 18
; 53606; 18
; 53626; 18
; 53646; 18
; 53668; 18
; 53688; 18
; 53708; 18
; 53729; 18
; 53750; 18
; 53770; 18
; 53791; 18
; 53811; 18
; 53831; 18
; 53852; 18
; 53873; 18
; 53894; 18
; 53914; 18
; 53934; 18
; 53955; 18
; 53974; 18
; 53994; 18
; 54016; 18
; 54037; 18
; 54058; 18
; 54079; 18
; 54101; 18
; 54123; 18
; 54143; 18
; 54163; 18
; 54183; 18
; 54204; 18
; 54223; 18
; 54244; 18
; 54265; 18
; 54286; 18
; 54307; 18
; 54328; 18
; 54349; 18
; 54369; 18
; 54389; 18
; 54410; 18
; 54429; 18
; 54449; 18
; 54469; 18
; 54489; 18
; 54509; 18
; 54530; 18
; 54551; 18
; 54573; 18
; 54594; 18
; 54614; 18
; 54636; 18
; 54656; 18
; 54676; 18
; 54696; 18
; 54716; 18
; 54736; 18
; 54757; 15
; 54778; 15
; 54799; 15
; 54821; 15
; 54841; 15
; 54861; 15
; 54882; 15
; 54902; 15
; 54921; 15
; 54941; 15
; 54962; 15
; 54982; 15
; 55002; 15
; 55022; 15
; 55042; 15
; 55062; 15
; 55082; 15
; 55103; 15
; 55124; 15
; 55144; 15
; 55164; 15
; 55184; 15
; 55205; 15
; 55226; 15
; 55247; 15
; 55269; 15
; 55290; 15
; 55310; 15
; 55330; 15
; 55350; 15
; 55369; 15
; 55389; 15
; 55409; 15
; 55429; 15
; 55449; 15
; 55470; 15
; 55490; 15
; 55511; 15
; 55532; 15
; 55552; 15
; 55574; 15
; 55594; 15
; 55614; 15
; 55635; 15
; 55655; 15
; 55677; 15
; 55697; 15
; 55718; 15
; 55739; 15
; 55759; 15
; 55779; 15
; 55800; 15
; 55822; 15
; 55843; 15
; 55863; 15
; 55884; 15
; 55904; 15
; 55924; 15
; 55944; 15
; 55964; 15
; 55985; 15
; 56005; 15
; 56025; 15
; 56047; 15
; 56067; 15
; 56087; 15
; 56107; 15
; 56128; 15
; 56149; 15
; 56169; 15
; 56189; 15
; 56210; 15
; 56230; 15
; 56250; 15
; 56270; 15
; 56291; 15
; 56311; 15
; 56332; 15
; 56352; 15
; 56372; 15
; 56392; 15
; 56414; 15
; 56434; 15
; 56456; 15
; 56475; 15
; 56496; 15
; 56516; 15
; 56537; 15
; 56557; 15
; 56577; 15
; 56597; 15
; 56618; 15
; 56639; 15
; 56659; 15
; 56679; 15
; 56700; 15
; 56721; 15
; 56743; 15
; 56763; 15
; 56783; 15
; 56803; 15
; 56823; 15
; 56843; 15
; 56864; 15
; 56885; 15
; 56905; 15
; 56925; 15
; 56945; 15
; 56966; 15
; 56985; 15
; 57006; 15
; 57027; 15
; 57047; 15
; 57067; 15
; 57088; 15
; 57110; 15
; 57131; 15
; 57151; 15
; 57172; 15
; 57192; 15
; 57213; 15
; 57233; 15
; 57253; 15
; 57273; 15
; 57293; 15
; 57314; 15
; 57334; 15
; 57356; 15
; 57376; 15
; 57396; 15
; 57416; 15
; 57437; 15
; 57456; 15
; 57477; 15
; 57497; 15
; 57517; 15
; 57538; 15
; 57558; 15
; 57578; 15
; 57599; 15
; 57620; 15
; 57640; 15
; 57660; 15
; 57681; 15
; 57701; 15
; 57722; 15
; 57742; 15
; 57763; 15
; 57783; 15
; 57804; 15
; 57824; 15
; 57844; 15
; 57864; 15
; 57885; 15
; 57906; 15
; 57927; 15
; 57948; 15
; 57970; 15
; 57990; 15
; 58011; 15
; 58031; 15
; 58051; 15
; 58071; 15
; 58091; 15
; 58111; 15
; 58132; 15
; 58153; 15
; 58173; 15
; 58193; 15
; 58213; 15
; 58233; 15
; 58253; 15
; 58274; 15
; 58294; 15
; 58315; 15
; 58335; 15
; 58356; 15
; 58377; 15
; 58399; 15
; 58420; 15
; 58439; 15
; 58460; 15
; 58479; 15
; 58500; 15
; 58521; 15
; 58541; 15
; 58561; 15
; 58582; 15
; 58603; 15
; 58623; 15
; 58644; 15
; 58664; 15
; 58685; 15
; 58705; 15
; 58726; 15
; 58748; 15
; 58768; 15
; 58789; 15
; 58810; 15
; 58831; 15
; 58851; 15
; 58871; 15
; 58891; 15
; 58912; 15
; 58933; 15
; 58953; 15
; 58974; 15
; 58994; 15
; 59013; 15
; 59034; 15
; 59056; 15
; 59076; 15
; 59096; 15
; 59117; 15
; 59139; 15
; 59159; 15
; 59181; 15
; 59202; 15
; 59223; 15
; 59243; 15
; 59264; 15
; 59284; 15
; 59304; 15
; 59324; 15
; 59344; 15
; 59365; 15
; 59386; 15
; 59407; 15
; 59427; 15
; 59447; 15
; 59467; 15
; 59488; 15
; 59510; 15
; 59530; 15
; 59551; 15
; 59571; 15
; 59591; 15
; 59612; 15
; 59632; 15
; 59652; 15
; 59672; 15
; 59692; 15
; 59712; 15
; 59734; 15
; 59754; 15
; 59775; 15
; 59795; 15
; 59816; 15
; 59837; 15
; 59857; 15
; 59877; 15
; 59897; 15
; 59917; 15
; 59937; 15
; 59959; 15
; 59979; 15
; 59999; 15
; 60020; 15
; 60039; 15
; 60059; 15
; 60079; 15
; 60099; 15
; 60119; 15
; 60139; 15
; 60159; 15
; 60180; 15
; 60201; 15
; 60223; 15
; 60244; 15
; 60265; 15
; 60287; 15
; 60307; 15
; 60327; 15
; 60348; 15
; 60369; 15
; 60390; 15
; 60410; 15
; 60430; 15
; 60451; 15
; 60472; 15
; 60492; 15
; 60512; 15
; 60532; 15
; 60553; 15
; 60573; 15
; 60594; 15
; 60614; 15
; 60635; 15
; 60655; 15
; 60675; 15
; 60696; 15
; 60716; 15
; 60738; 15
; 60758; 15
; 60780; 15
; 60801; 15
; 60822; 15
; 60843; 15
; 60863; 15
; 60884; 15
; 60904; 15
; 60925; 15
; 60946; 15
; 60966; 15
; 60986; 15
; 61007; 15
; 61028; 15
; 61049; 15
; 61069; 15
; 61089; 15
; 61110; 15
; 61130; 15
; 61152; 15
; 61173; 15
; 61195; 15
; 61216; 15
; 61237; 15
; 61258; 15
; 61278; 15
; 61299; 15
; 61319; 15
; 61340; 15
; 61360; 15
; 61380; 15
; 61401; 15
; 61421; 15
; 61441; 15
; 61461; 15
; 61482; 15
; 61502; 15
; 61522; 15
; 61542; 15
; 61563; 15
; 61583; 15
; 61603; 15
; 61623; 15
; 61643; 15
; 61664; 15
; 61686; 15
; 61706; 15
; 61727; 15
; 61747; 15
; 61769; 15
; 61790; 15
; 61811; 15
; 61832; 15
; 61852; 15
; 61873; 15
; 61893; 15
; 61915; 15
; 61935; 15
; 61956; 15
; 61977; 15
; 61998; 15
; 62020; 15
; 62040; 15
; 62059; 15
; 62079; 15
; 62099; 15
; 62119; 15
; 62139; 15
; 62161; 15
; 62181; 15
; 62203; 15
; 62223; 15
; 62244; 15
; 62264; 15
; 62284; 15
; 62304; 15
; 62324; 15
; 62344; 15
; 62364; 15
; 62384; 15
; 62405; 15
; 62426; 15
; 62447; 15
; 62469; 15
; 62489; 15
; 62510; 15
; 62530; 15
; 62550; 15
; 62571; 15
; 62592; 15
; 62613; 15
; 62633; 15
; 62653; 15
; 62673; 15
; 62693; 15
; 62714; 15
; 62736; 15
; 62757; 15
; 62778; 15
; 62798; 15
; 62819; 15
; 62839; 15
; 62860; 15
; 62881; 15
; 62901; 15
; 62921; 15
; 62941; 15
; 62961; 15
; 62982; 15
; 63002; 15
; 63023; 15
; 63044; 15
; 63064; 15
; 63084; 15
; 63105; 15
; 63126; 15
; 63147; 15
; 63168; 15
; 63189; 15
; 63210; 15
; 63230; 15
; 63250; 15
; 63271; 15
; 63293; 15
; 63314; 15
; 63334; 15
; 63354; 15
; 63375; 15
; 63395; 15
; 63416; 15
; 63435; 15
; 63455; 15
; 63476; 15
; 63497; 15
; 63517; 15
; 63539; 15
; 63559; 15
; 63579; 15
; 63600; 15
; 63621; 15
; 63641; 15
; 63662; 15
; 63683; 15
; 63704; 15
; 63724; 15
; 63745; 15
; 63765; 15
; 63786; 15
; 63806; 15
; 63827; 15
; 63847; 15
; 63867; 15
; 63887; 15
; 63909; 15
; 63930; 15
; 63951; 15
; 63971; 15
; 63991; 15
; 64012; 15
; 64033; 15
; 64053; 15
; 64074; 15
; 64094; 15
; 64115; 15
; 64135; 15
; 64155; 15
; 64175; 15
; 64196; 15
; 64216; 15
; 64237; 15
; 64257; 15
; 64277; 15
; 64298; 15
; 64318; 15
; 64339; 15
; 64360; 15
; 64380; 15
; 64401; 15
; 64422; 15
; 64442; 15
; 64462; 15
; 64482; 15
; 64503; 15
; 64523; 15
; 64544; 15
; 64565; 15
; 64586; 15
; 64606; 15
; 64626; 15
; 64647; 15
; 64668; 15
; 64689; 15
; 64711; 15
; 64731; 15
; 64751; 15
; 64771; 15
; 64792; 15
; 64813; 15
; 64834; 15
; 64854; 15
; 64874; 15
; 64895; 15
; 64915; 15
; 64936; 15
; 64956; 15
; 64978; 15
; 64999; 15
; 65019; 15
; 65040; 15
; 65061; 15
; 65083; 15
; 65103; 15
; 65124; 15
; 65145; 15
; 65165; 15
; 65186; 15
; 65206; 15
; 65226; 15
; 65246; 15
; 65266; 15
; 65286; 15
; 65306; 15
; 65326; 15
; 65347; 15
; 65368; 15
; 65388; 15
; 65408; 15
; 65429; 15
; 65450; 15
; 65470; 15
; 65490; 15
; 65511; 15
; 65531; 15
; 65552; 15
; 65573; 15
; 65593; 15
; 65613; 15
; 65633; 15
; 65653; 15
; 65674; 15
; 65693; 15
; 65713; 15
; 65733; 15
; 65754; 15
; 65774; 15
; 65794; 15
; 65814; 15
; 65834; 15
; 65854; 15
; 65874; 15
; 65894; 15
; 65915; 15
; 65936; 15
; 65957; 15
; 65977; 15
; 65998; 15
; 66018; 15
; 66039; 15
; 66061; 15
; 66081; 15
; 66102; 15
; 66122; 15
; 66142; 15
; 66163; 15
; 66183; 15
; 66203; 15
; 66223; 15
; 66243; 15
; 66264; 15
; 66285; 15
; 66307; 15
; 66328; 15
; 66348; 15
; 66369; 15
; 66389; 15
; 66409; 15
; 66429; 15
; 66450; 15
; 66470; 15
; 66491; 15
; 66511; 15
; 66531; 15
; 66551; 15
; 66571; 15
; 66592; 15
; 66613; 15
; 66634; 15
; 66655; 15
; 66676; 15
; 66698; 15
; 66718; 15
; 66738; 15
; 66759; 15
; 66779; 15
; 66799; 15
; 66819; 15
; 66840; 15
; 66861; 15
; 66882; 15
; 66902; 15
; 66923; 15
; 66943; 15
; 66963; 15
; 66984; 15
; 67004; 15
; 67024; 15
; 67044; 15
; 67065; 15
; 67085; 15
; 67105; 15
; 67126; 15
; 67147; 15
; 67168; 15
; 67189; 15
; 67209; 15
; 67229; 15
; 67250; 15
; 67271; 15
; 67291; 15
; 67311; 15
; 67331; 15
; 67351; 15
; 67372; 15
; 67394; 15
; 67415; 15
; 67435; 15
; 67455; 15
; 67477; 15
; 67497; 15
; 67517; 15
; 67538; 15
; 67559; 15
; 67579; 15
; 67600; 15
; 67621; 15
; 67641; 15
; 67663; 15
; 67683; 15
; 67703; 15
; 67725; 15
; 67745; 15
; 67767; 15
; 67787; 15
; 67809; 15
; 67830; 15
; 67850; 15
; 67870; 15
; 67890; 15
; 67911; 15
; 67932; 15
; 67953; 15
; 67972; 15
; 67993; 15
; 68013; 15
; 68033; 15
; 68054; 15
; 68075; 15
; 68096; 15
; 68116; 15
; 68136; 15
; 68155; 15
; 68176; 15
; 68196; 15
; 68216; 15
; 68237; 15
; 68257; 15
; 68277; 15
; 68297; 15
; 68317; 15
; 68337; 15
; 68359; 15
; 68380; 15
; 68401; 15
; 68421; 15
; 68442; 15
; 68463; 15
; 68483; 15
; 68503; 15
; 68525; 15
; 68546; 15
; 68566; 15
; 68587; 15
; 68607; 15
; 68628; 15
; 68649; 15
; 68669; 15
; 68690; 15
; 68711; 15
; 68732; 15
; 68752; 15
; 68771; 15
; 68793; 15
; 68813; 15
; 68834; 15
; 68855; 15
; 68876; 15
; 68897; 15
; 68918; 15
; 68938; 15
; 68959; 15
; 68979; 15
; 68999; 15
; 69019; 15
; 69039; 15
; 69060; 15
; 69081; 15
; 69102; 15
; 69123; 15
; 69143; 15
; 69163; 15
; 69183; 15
; 69203; 15
; 69223; 15
; 69244; 15
; 69264; 15
; 69284; 15
; 69304; 15
; 69325; 15
; 69345; 15
; 69366; 15
; 69385; 15
; 69406; 15
; 69427; 15
; 69448; 15
; 69468; 15
; 69488; 15
; 69508; 15
; 69529; 15
; 69550; 15
; 69571; 15
; 69591; 15
; 69611; 15
; 69632; 15
; 69653; 15
; 69674; 15
; 69694; 15
; 69714; 15
; 69735; 15
; 69755; 15
; 69775; 15
; 69795; 15
; 69815; 15
; 69835; 15
; 69856; 15
; 69876; 15
; 69897; 15
; 69918; 15
; 69939; 15
; 69959; 15
; 69979; 15
; 69999; 15
; 70021; 15
; 70041; 15
; 70061; 15
; 70081; 15
; 70101; 15
; 70123; 15
; 70143; 15
; 70164; 15
; 70185; 15
; 70205; 15
; 70227; 15
; 70247; 15
; 70267; 15
; 70287; 15
; 70307; 15
; 70327; 15
; 70347; 15
; 70367; 15
; 70387; 15
; 70407; 15
; 70427; 15
; 70447; 15
; 70467; 15
; 70488; 15
; 70508; 15
; 70529; 15
; 70550; 15
; 70570; 15
; 70590; 15
; 70611; 15
; 70633; 15
; 70655; 15
; 70675; 15
; 70695; 15
; 70716; 15
; 70736; 15
; 70757; 15
; 70777; 15
; 70798; 15
; 70819; 15
; 70840; 15
; 70861; 15
; 70882; 15
; 70902; 15
; 70922; 15
; 70942; 15
; 70962; 15
; 70983; 15
; 71003; 15
; 71022; 15
; 71044; 15
; 71065; 15
; 71085; 15
; 71105; 15
; 71126; 15
; 71148; 15
; 71168; 15
; 71188; 15
; 71209; 15
; 71230; 15
; 71250; 15
; 71270; 15
; 71290; 15
; 71311; 15
; 71333; 15
; 71353; 15
; 71373; 15
; 71393; 15
; 71413; 15
; 71434; 15
; 71455; 15
; 71476; 15
; 71496; 15
; 71516; 15
; 71537; 15
; 71557; 15
; 71576; 15
; 71597; 15
; 71618; 15
; 71639; 15
; 71659; 15
; 71679; 15
; 71699; 15
; 71719; 15
; 71740; 15
; 71761; 15
; 71782; 15
; 71803; 15
; 71823; 15
; 71843; 15
; 71864; 15
; 71884; 15
; 71905; 15
; 71926; 15
; 71946; 15
; 71967; 15
; 71988; 15
; 72008; 15
; 72028; 15
; 72049; 15
; 72071; 15
; 72091; 15
; 72110; 15
; 72131; 15
; 72151; 15
; 72172; 15
; 72193; 15
; 72213; 15
; 72233; 15
; 72254; 15
; 72274; 15
; 72295; 15
; 72315; 15
; 72336; 15
; 72357; 15
; 72378; 15
; 72398; 15
; 72419; 15
; 72438; 15
; 72459; 15
; 72480; 15
; 72500; 15
; 72521; 15
; 72542; 15
; 72563; 15
; 72583; 15
; 72603; 15
; 72624; 15
; 72645; 15
; 72665; 15
; 72685; 15
; 72706; 15
; 72726; 15
; 72746; 15
; 72766; 15
; 72788; 15
; 72808; 15
; 72829; 15
; 72850; 15
; 72871; 15
; 72891; 15
; 72912; 15
; 72932; 15
; 72952; 15
; 72973; 15
; 72993; 15
; 73013; 15
; 73033; 15
; 73055; 15
; 73075; 15
; 73096; 15
; 73116; 15
; 73137; 15
; 73157; 15
; 73177; 15
; 73199; 15
; 73219; 15
; 73239; 15
; 73258; 15
; 73278; 15
; 73299; 15
; 73319; 15
; 73339; 15
; 73361; 15
; 73381; 15
; 73402; 15
; 73423; 15
; 73444; 15
; 73465; 15
; 73485; 15
; 73506; 15
; 73527; 15
; 73547; 15
; 73567; 15
; 73588; 15
; 73609; 15
; 73629; 15
; 73650; 15
; 73671; 15
; 73692; 15
; 73713; 15
; 73734; 15
; 73754; 15
; 73775; 15
; 73795; 15
; 73815; 15
; 73836; 15
; 73857; 15
; 73877; 15
; 73897; 15
; 73919; 15
; 73939; 15
; 73959; 15
; 73979; 15
; 73999; 15
; 74019; 15
; 74039; 15
; 74059; 15
; 74081; 15
; 74102; 15
; 74123; 15
; 74143; 15
; 74163; 15
; 74184; 15
; 74204; 15
; 74225; 15
; 74246; 15
; 74267; 15
; 74286; 15
; 74306; 15
; 74327; 15
; 74347; 15
; 74367; 15
; 74387; 15
; 74409; 15
; 74429; 15
; 74450; 15
; 74471; 15
; 74491; 15
; 74512; 15
; 74532; 15
; 74552; 15
; 74572; 15
; 74593; 15
; 74613; 15
; 74633; 15
; 74653; 15
; 74674; 15
; 74694; 15
; 74714; 15
; 74735; 15
; 74755; 15
; 74775; 15
; 74796; 15
; 74817; 15
; 74838; 15
; 74858; 15
; 74878; 15
; 74899; 15
; 74920; 15
; 74940; 15
; 74961; 15
; 74981; 15
; 75001; 15
; 75021; 15
; 75041; 15
; 75062; 15
; 75082; 15
; 75103; 15
; 75124; 15
; 75145; 15
; 75165; 15
; 75186; 15
; 75207; 15
; 75228; 15
; 75249; 15
; 75269; 15
; 75290; 15
; 75311; 15
; 75331; 15
; 75352; 15
; 75373; 15
; 75393; 15
; 75415; 15
; 75435; 15
; 75455; 15
; 75476; 15
; 75496; 15
; 75517; 15
; 75537; 15
; 75557; 15
; 75577; 15
; 75598; 15
; 75618; 15
; 75638; 15
; 75659; 15
; 75679; 15
; 75699; 15
; 75719; 15
; 75740; 15
; 75761; 15
; 75781; 15
; 75802; 15
; 75823; 15
; 75844; 15
; 75864; 15
; 75884; 15
; 75905; 15
; 75926; 15
; 75948; 15
; 75969; 15
; 75990; 15
; 76010; 15
; 76030; 15
; 76050; 15
; 76071; 15
; 76092; 15
; 76112; 15
; 76132; 15
; 76154; 15
; 76174; 15
; 76195; 15
; 76216; 15
; 76237; 15
; 76258; 15
; 76278; 15
; 76299; 15
; 76319; 15
; 76339; 15
; 76360; 15
; 76380; 15
; 76400; 15
; 76420; 15
; 76441; 15
; 76462; 15
; 76482; 15
; 76502; 15
; 76523; 15
; 76543; 15
; 76564; 15
; 76584; 15
; 76605; 15
; 76625; 15
; 76645; 15
; 76665; 15
; 76685; 15
; 76706; 15
; 76728; 15
; 76748; 15
; 76769; 15
; 76789; 15
; 76810; 15
; 76830; 15
; 76850; 15
; 76871; 15
; 76891; 15
; 76913; 15
; 76934; 15
; 76955; 15
; 76975; 15
; 76995; 15
; 77015; 15
; 77036; 15
; 77056; 15
; 77078; 15
; 77097; 15
; 77119; 15
; 77139; 15
; 77159; 15
; 77179; 15
; 77199; 15
; 77219; 15
; 77239; 15
; 77260; 15
; 77280; 15
; 77301; 15
; 77322; 15
; 77342; 15
; 77362; 15
; 77382; 15
; 77404; 15
; 77424; 15
; 77445; 15
; 77465; 15
; 77485; 15
; 77506; 15
; 77527; 15
; 77548; 15
; 77569; 15
; 77590; 15
; 77610; 15
; 77631; 15
; 77651; 15
; 77671; 15
; 77692; 15
; 77712; 15
; 77734; 15
; 77755; 15
; 77775; 15
; 77796; 15
; 77816; 15
; 77837; 15
; 77857; 15
; 77877; 15
; 77898; 15
; 77920; 15
; 77940; 15
; 77960; 15
; 77981; 15
; 78001; 15
; 78021; 15
; 78042; 15
; 78063; 15
; 78083; 15
; 78103; 15
; 78124; 15
; 78146; 15
; 78166; 15
; 78187; 15
; 78208; 15
; 78229; 15
; 78250; 15
; 78270; 15
; 78290; 15
; 78310; 15
; 78332; 15
; 78352; 15
; 78372; 15
; 78392; 15
; 78413; 15
; 78434; 15
; 78454; 15
; 78475; 15
; 78496; 15
; 78516; 15
; 78537; 15
; 78557; 15
; 78577; 15
; 78598; 15
; 78620; 15
; 78640; 15
; 78661; 15
; 78683; 15
; 78703; 15
; 78724; 15
; 78745; 15
; 78765; 15
; 78786; 15
; 78806; 15
; 78826; 15
; 78847; 15
; 78867; 15
; 78888; 15
; 78908; 15
; 78928; 15
; 78948; 15
; 78970; 15
; 78990; 15
; 79010; 15
; 79031; 15
; 79051; 15
; 79071; 15
; 79093; 15
; 79114; 15
; 79134; 15
; 79155; 15
; 79175; 15
; 79195; 15
; 79215; 15
; 79236; 15
; 79256; 15
; 79276; 15
; 79296; 15
; 79316; 15
; 79336; 15
; 79357; 15
; 79377; 15
; 79397; 15
; 79418; 15
; 79438; 15
; 79458; 15
; 79478; 15
; 79499; 15
; 79520; 15
; 79540; 15
; 79560; 15
; 79581; 15
; 79602; 15
; 79622; 15
; 79643; 15
; 79664; 15
; 79685; 15
; 79705; 15
; 79725; 15
; 79746; 15
; 79766; 15
; 79787; 15
; 79809; 15
; 79829; 15
; 79849; 15
; 79870; 15
; 79890; 15
; 79910; 15
; 79930; 15
; 79951; 15
; 79972; 15
; 79992; 15
; 80012; 15
; 80033; 15
; 80054; 15
; 80074; 15
; 80094; 15
; 80114; 15
; 80134; 15
; 80156; 15
; 80176; 15
; 80198; 15
; 80219; 15
; 80239; 15
; 80259; 15
; 80279; 15
; 80300; 15
; 80320; 15
; 80341; 15
; 80361; 15
; 80381; 15
; 80401; 15
; 80421; 15
; 80441; 15
; 80461; 15
; 80482; 15
; 80503; 15
; 80523; 15
; 80543; 15
; 80564; 15
; 80586; 15
; 80606; 15
; 80626; 15
; 80646; 15
; 80666; 15
; 80686; 15
; 80706; 15
; 80726; 15
; 80746; 15
; 80766; 15
; 80786; 15
; 80806; 15
; 80826; 15
; 80847; 15
; 80867; 15
; 80888; 15
; 80908; 15
; 80929; 15
; 80949; 15
; 80969; 15
; 80991; 15
; 81011; 15
; 81031; 15
; 81050; 15
; 81071; 15
; 81092; 15
; 81112; 15
; 81133; 15
; 81153; 15
; 81174; 15
; 81194; 15
; 81216; 15
; 81236; 15
; 81257; 15
; 81277; 15
; 81297; 15
; 81317; 15
; 81337; 15
; 81357; 15
; 81378; 15
; 81399; 15
; 81419; 15
; 81440; 15
; 81460; 15
; 81481; 15
; 81502; 15
; 81523; 15
; 81543; 15
; 81564; 15
; 81584; 15
; 81605; 15
; 81626; 15
; 81647; 15
; 81668; 15
; 81689; 15
; 81709; 15
; 81729; 15
; 81749; 15
; 81770; 15
; 81791; 15
; 81812; 15
; 81833; 15
; 81853; 15
; 81873; 15
; 81894; 15
; 81914; 15
; 81934; 15
; 81955; 15
; 81975; 15
; 81996; 15
; 82018; 15
; 82038; 15
; 82060; 15
; 82080; 15
; 82100; 15
; 82121; 15
; 82141; 15
; 82162; 15
; 82183; 15
; 82204; 15
; 82224; 15
; 82244; 15
; 82265; 15
; 82286; 15
; 82306; 15
; 82327; 15
; 82347; 15
; 82367; 15
; 82387; 15
; 82408; 15
; 82428; 15
; 82448; 15
; 82468; 15
; 82488; 15
; 82508; 15
; 82528; 15
; 82548; 15
; 82569; 15
; 82589; 15
; 82609; 15
; 82630; 15
; 82651; 15
; 82671; 15
; 82692; 15
; 82712; 15
; 82733; 15
; 82754; 15
; 82774; 15
; 82794; 15
; 82815; 15
; 82837; 15
; 82858; 15
; 82878; 15
; 82897; 15
; 82918; 15
; 82939; 15
; 82960; 15
; 82980; 15
; 83000; 15
; 83020; 15
; 83042; 15
; 83061; 15
; 83081; 15
; 83101; 15
; 83121; 15
; 83141; 15
; 83161; 15
; 83181; 15
; 83201; 15
; 83221; 15
; 83242; 15
; 83263; 15
; 83283; 15
; 83303; 15
; 83324; 15
; 83346; 15
; 83367; 15
; 83388; 15
; 83408; 15
; 83430; 15
; 83451; 15
; 83471; 15
; 83492; 15
; 83512; 15
; 83533; 15
; 83553; 15
; 83574; 15
; 83594; 15
; 83614; 15
; 83634; 15
; 83654; 15
; 83674; 15
; 83694; 15
; 83714; 15
; 83734; 15
; 83754; 15
; 83775; 15
; 83795; 15
; 83815; 15
; 83836; 15
; 83856; 15
; 83876; 15
; 83896; 15
; 83916; 15
; 83936; 15
; 83956; 15
; 83976; 15
; 83996; 15
; 84016; 15
; 84037; 15
; 84057; 15
; 84077; 15
; 84097; 15
; 84117; 15
; 84137; 15
; 84157; 15
; 84177; 15
; 84198; 15
; 84220; 15
; 84241; 15
; 84262; 15
; 84282; 15
; 84302; 15
; 84324; 15
; 84344; 15
; 84365; 15
1.Variable; PLC_PRG.iDato2
1.Address.AddrFlags; 0x00000000
1.Class; 7
1.Size; 2
1.GraphColor; 4278222848
1.GraphType; 1
1.MinWarningColor; 4278190080
1.MaxWarningColor; 4294901760
1.CriticalLowerLimit; 0
1.CriticalUpperLimit; 0
1.ActivateMinWarning; 0
1.ActivateMaxWarning; 0
1.YAxis; 0
1.Data; 
; 13; 0
; 33; 0
; 54; 0
; 74; 0
; 95; 0
; 117; 0
; 138; 0
; 158; 0
; 178; 0
; 199; 0
; 219; 0
; 239; 0
; 260; 0
; 281; 0
; 301; 0
; 321; 0
; 341; 0
; 362; 0
; 381; 0
; 401; 0
; 421; 0
; 442; 0
; 463; 0
; 484; 0
; 505; 0
; 526; 0
; 547; 0
; 567; 0
; 588; 0
; 609; 0
; 630; 0
; 650; 0
; 670; 0
; 690; 0
; 712; 0
; 733; 0
; 753; 0
; 773; 0
; 794; 0
; 815; 0
; 835; 0
; 857; 0
; 877; 0
; 897; 0
; 919; 0
; 939; 0
; 959; 0
; 979; 0
; 999; 0
; 1019; 0
; 1039; 0
; 1059; 0
; 1079; 0
; 1099; 0
; 1119; 0
; 1139; 0
; 1159; 0
; 1179; 0
; 1200; 0
; 1221; 0
; 1242; 0
; 1263; 0
; 1283; 0
; 1305; 0
; 1326; 0
; 1346; 0
; 1367; 0
; 1387; 0
; 1409; 0
; 1429; 0
; 1450; 0
; 1470; 0
; 1490; 0
; 1510; 0
; 1531; 0
; 1552; 0
; 1573; 0
; 1594; 0
; 1614; 0
; 1636; 0
; 1657; 0
; 1677; 0
; 1698; 0
; 1719; 0
; 1739; 0
; 1760; 0
; 1781; 0
; 1801; 0
; 1823; 0
; 1843; 0
; 1864; 0
; 1884; 0
; 1905; 0
; 1927; 0
; 1947; 0
; 1967; 0
; 1987; 0
; 2008; 0
; 2027; 0
; 2048; 0
; 2068; 0
; 2088; 0
; 2108; 0
; 2128; 0
; 2147; 0
; 2167; 0
; 2188; 0
; 2208; 0
; 2227; 0
; 2248; 0
; 2269; 0
; 2290; 0
; 2309; 0
; 2330; 0
; 2351; 0
; 2372; 0
; 2392; 0
; 2412; 0
; 2433; 0
; 2454; 0
; 2475; 0
; 2495; 0
; 2516; 0
; 2537; 0
; 2558; 0
; 2579; 0
; 2599; 0
; 2619; 0
; 2640; 0
; 2661; 0
; 2683; 0
; 2703; 0
; 2723; 0
; 2745; 0
; 2766; 0
; 2787; 0
; 2808; 0
; 2828; 0
; 2849; 0
; 2869; 0
; 2890; 0
; 2910; 0
; 2931; 0
; 2951; 0
; 2972; 0
; 2992; 0
; 3013; 0
; 3033; 0
; 3053; 0
; 3074; 0
; 3094; 0
; 3115; 0
; 3135; 0
; 3157; 0
; 3177; 0
; 3197; 0
; 3218; 0
; 3238; 0
; 3259; 0
; 3279; 0
; 3299; 0
; 3321; 0
; 3341; 0
; 3362; 0
; 3383; 0
; 3403; 0
; 3422; 0
; 3442; 0
; 3463; 0
; 3483; 0
; 3503; 0
; 3523; 0
; 3543; 0
; 3563; 0
; 3584; 0
; 3604; 0
; 3626; 0
; 3647; 0
; 3667; 0
; 3687; 0
; 3707; 0
; 3726; 0
; 3748; 0
; 3768; 0
; 3789; 0
; 3811; 0
; 3831; 0
; 3850; 0
; 3870; 0
; 3891; 0
; 3912; 0
; 3933; 0
; 3955; 0
; 3976; 0
; 3997; 0
; 4017; 0
; 4037; 0
; 4057; 0
; 4077; 0
; 4097; 0
; 4117; 0
; 4138; 0
; 4158; 0
; 4179; 0
; 4200; 0
; 4220; 0
; 4240; 0
; 4260; 0
; 4281; 0
; 4302; 0
; 4322; 0
; 4342; 0
; 4363; 0
; 4384; 0
; 4404; 0
; 4424; 0
; 4445; 0
; 4464; 0
; 4485; 0
; 4507; 0
; 4527; 0
; 4548; 0
; 4570; 0
; 4591; 0
; 4611; 0
; 4632; 0
; 4652; 0
; 4672; 0
; 4693; 0
; 4714; 0
; 4734; 0
; 4754; 0
; 4774; 0
; 4795; 0
; 4815; 0
; 4836; 0
; 4857; 0
; 4877; 0
; 4898; 0
; 4918; 0
; 4938; 0
; 4958; 0
; 4978; 0
; 4998; 0
; 5019; 0
; 5039; 0
; 5059; 0
; 5079; 0
; 5099; 0
; 5119; 0
; 5139; 0
; 5159; 0
; 5179; 0
; 5200; 0
; 5220; 0
; 5241; 0
; 5262; 0
; 5283; 0
; 5303; 0
; 5323; 0
; 5343; 0
; 5363; 0
; 5383; 0
; 5404; 0
; 5425; 0
; 5445; 0
; 5466; 0
; 5487; 0
; 5507; 0
; 5528; 0
; 5548; 0
; 5569; 0
; 5590; 0
; 5610; 0
; 5630; 0
; 5650; 0
; 5671; 0
; 5691; 0
; 5712; 0
; 5732; 0
; 5752; 0
; 5773; 0
; 5793; 0
; 5813; 0
; 5834; 0
; 5854; 0
; 5875; 0
; 5895; 0
; 5917; 0
; 5938; 0
; 5959; 0
; 5980; 0
; 6001; 0
; 6021; 0
; 6042; 0
; 6063; 0
; 6083; 0
; 6103; 0
; 6124; 0
; 6144; 0
; 6165; 0
; 6187; 0
; 6208; 0
; 6229; 0
; 6249; 0
; 6270; 0
; 6291; 0
; 6311; 0
; 6332; 0
; 6352; 0
; 6372; 0
; 6393; 0
; 6414; 0
; 6436; 0
; 6456; 0
; 6476; 0
; 6496; 0
; 6517; 0
; 6537; 0
; 6558; 0
; 6579; 0
; 6600; 0
; 6621; 0
; 6642; 0
; 6662; 0
; 6684; 0
; 6705; 0
; 6726; 0
; 6747; 0
; 6766; 0
; 6787; 0
; 6807; 0
; 6828; 0
; 6848; 0
; 6868; 0
; 6889; 0
; 6909; 0
; 6929; 0
; 6950; 0
; 6971; 0
; 6991; 0
; 7012; 0
; 7033; 0
; 7054; 0
; 7075; 0
; 7096; 0
; 7116; 0
; 7136; 0
; 7156; 0
; 7178; 0
; 7198; 0
; 7218; 0
; 7239; 0
; 7259; 0
; 7280; 0
; 7301; 0
; 7322; 0
; 7342; 0
; 7362; 0
; 7383; 0
; 7403; 0
; 7424; 0
; 7444; 0
; 7464; 0
; 7484; 0
; 7504; 0
; 7525; 0
; 7546; 0
; 7566; 0
; 7586; 0
; 7606; 0
; 7627; 0
; 7648; 0
; 7668; 0
; 7689; 0
; 7709; 0
; 7729; 0
; 7749; 0
; 7769; 0
; 7789; 0
; 7810; 0
; 7830; 0
; 7851; 0
; 7872; 0
; 7893; 0
; 7913; 0
; 7934; 0
; 7956; 0
; 7977; 0
; 7998; 0
; 8018; 0
; 8039; 0
; 8059; 0
; 8080; 0
; 8101; 0
; 8120; 0
; 8140; 0
; 8160; 0
; 8180; 0
; 8200; 0
; 8221; 0
; 8242; 0
; 8263; 0
; 8284; 0
; 8306; 0
; 8326; 0
; 8346; 0
; 8367; 0
; 8387; 0
; 8407; 0
; 8427; 0
; 8447; 0
; 8467; 0
; 8487; 0
; 8508; 0
; 8529; 0
; 8551; 0
; 8571; 0
; 8591; 0
; 8612; 0
; 8633; 0
; 8653; 0
; 8674; 0
; 8694; 0
; 8714; 0
; 8735; 0
; 8756; 0
; 8777; 0
; 8797; 0
; 8817; 0
; 8837; 0
; 8857; 0
; 8877; 0
; 8897; 0
; 8919; 0
; 8940; 0
; 8961; 0
; 8982; 0
; 9002; 0
; 9023; 0
; 9043; 0
; 9065; 0
; 9086; 0
; 9107; 0
; 9128; 0
; 9148; 0
; 9168; 0
; 9189; 0
; 9209; 0
; 9230; 0
; 9251; 0
; 9271; 0
; 9291; 0
; 9310; 0
; 9332; 0
; 9352; 0
; 9373; 0
; 9393; 0
; 9413; 0
; 9433; 0
; 9454; 0
; 9474; 0
; 9496; 0
; 9517; 0
; 9538; 0
; 9558; 0
; 9579; 0
; 9600; 0
; 9621; 0
; 9642; 0
; 9663; 0
; 9683; 0
; 9703; 0
; 9723; 0
; 9743; 0
; 9763; 0
; 9783; 0
; 9803; 0
; 9823; 0
; 9843; 0
; 9864; 0
; 9885; 0
; 9905; 0
; 9926; 0
; 9946; 0
; 9967; 0
; 9987; 0
; 10008; 0
; 10028; 0
; 10048; 0
; 10069; 0
; 10089; 0
; 10109; 0
; 10129; 0
; 10149; 0
; 10169; 0
; 10189; 0
; 10211; 0
; 10231; 0
; 10251; 0
; 10271; 0
; 10291; 0
; 10312; 0
; 10332; 0
; 10353; 0
; 10375; 0
; 10396; 0
; 10416; 0
; 10436; 0
; 10457; 0
; 10477; 0
; 10497; 0
; 10518; 0
; 10538; 0
; 10558; 0
; 10579; 0
; 10600; 0
; 10621; 0
; 10641; 0
; 10662; 0
; 10682; 0
; 10703; 0
; 10723; 0
; 10744; 0
; 10764; 0
; 10785; 0
; 10805; 0
; 10826; 0
; 10847; 0
; 10869; 0
; 10889; 0
; 10909; 0
; 10930; 0
; 10951; 0
; 10972; 0
; 10993; 0
; 11013; 0
; 11033; 0
; 11054; 0
; 11074; 0
; 11095; 0
; 11116; 0
; 11136; 0
; 11158; 0
; 11179; 0
; 11199; 0
; 11219; 0
; 11241; 0
; 11261; 0
; 11282; 0
; 11302; 0
; 11323; 0
; 11344; 0
; 11365; 0
; 11385; 0
; 11405; 0
; 11425; 0
; 11446; 0
; 11466; 0
; 11487; 0
; 11508; 0
; 11529; 0
; 11549; 0
; 11569; 0
; 11589; 0
; 11609; 0
; 11630; 0
; 11651; 0
; 11671; 0
; 11691; 0
; 11711; 0
; 11731; 0
; 11751; 0
; 11772; 0
; 11792; 0
; 11812; 0
; 11832; 0
; 11853; 0
; 11873; 0
; 11894; 0
; 11914; 0
; 11934; 0
; 11956; 0
; 11978; 0
; 11998; 0
; 12018; 0
; 12038; 0
; 12059; 0
; 12079; 0
; 12099; 0
; 12119; 0
; 12141; 0
; 12161; 0
; 12181; 0
; 12202; 0
; 12223; 0
; 12243; 0
; 12265; 0
; 12286; 0
; 12306; 0
; 12327; 0
; 12347; 0
; 12368; 0
; 12389; 0
; 12409; 0
; 12430; 0
; 12450; 0
; 12471; 0
; 12491; 0
; 12511; 0
; 12531; 0
; 12551; 0
; 12571; 0
; 12591; 0
; 12611; 0
; 12632; 0
; 12652; 0
; 12674; 0
; 12695; 0
; 12717; 0
; 12738; 0
; 12759; 0
; 12779; 0
; 12799; 0
; 12820; 0
; 12841; 0
; 12861; 0
; 12882; 0
; 12902; 0
; 12924; 0
; 12944; 0
; 12965; 0
; 12986; 0
; 13007; 0
; 13028; 0
; 13048; 0
; 13069; 0
; 13089; 0
; 13110; 0
; 13131; 0
; 13151; 0
; 13171; 0
; 13192; 0
; 13213; 0
; 13233; 0
; 13255; 0
; 13276; 0
; 13297; 0
; 13318; 0
; 13339; 0
; 13359; 0
; 13379; 0
; 13400; 0
; 13420; 0
; 13441; 0
; 13461; 0
; 13481; 0
; 13502; 0
; 13523; 0
; 13544; 0
; 13565; 0
; 13586; 0
; 13607; 0
; 13627; 0
; 13647; 0
; 13669; 0
; 13688; 0
; 13709; 0
; 13730; 0
; 13751; 0
; 13771; 0
; 13791; 0
; 13811; 0
; 13831; 0
; 13852; 0
; 13873; 0
; 13893; 0
; 13914; 0
; 13935; 0
; 13956; 0
; 13976; 0
; 13996; 0
; 14017; 0
; 14037; 0
; 14057; 0
; 14078; 0
; 14099; 0
; 14120; 0
; 14140; 0
; 14160; 0
; 14180; 0
; 14200; 0
; 14220; 0
; 14240; 0
; 14260; 0
; 14280; 0
; 14300; 0
; 14321; 0
; 14341; 0
; 14362; 0
; 14383; 0
; 14403; 0
; 14424; 0
; 14446; 0
; 14466; 0
; 14486; 0
; 14507; 0
; 14527; 0
; 14548; 0
; 14568; 0
; 14589; 0
; 14609; 0
; 14630; 0
; 14650; 0
; 14670; 0
; 14690; 0
; 14711; 0
; 14731; 0
; 14751; 0
; 14772; 0
; 14793; 0
; 14815; 0
; 14835; 0
; 14856; 0
; 14877; 0
; 14897; 0
; 14918; 0
; 14938; 0
; 14959; 0
; 14979; 0
; 14999; 0
; 15019; 0
; 15041; 0
; 15062; 0
; 15083; 0
; 15104; 0
; 15125; 0
; 15145; 0
; 15166; 0
; 15187; 0
; 15208; 0
; 15228; 0
; 15249; 0
; 15269; 0
; 15290; 0
; 15310; 0
; 15331; 0
; 15351; 0
; 15372; 0
; 15392; 0
; 15412; 0
; 15432; 0
; 15453; 0
; 15473; 0
; 15493; 0
; 15513; 0
; 15533; 0
; 15554; 0
; 15575; 0
; 15596; 0
; 15617; 0
; 15637; 0
; 15658; 0
; 15678; 0
; 15699; 0
; 15719; 0
; 15739; 0
; 15760; 0
; 15780; 0
; 15800; 0
; 15820; 0
; 15840; 0
; 15860; 0
; 15882; 0
; 15903; 0
; 15925; 0
; 15946; 0
; 15967; 0
; 15988; 0
; 16008; 0
; 16028; 0
; 16049; 0
; 16070; 0
; 16090; 0
; 16111; 0
; 16132; 0
; 16153; 0
; 16173; 0
; 16195; 0
; 16214; 0
; 16236; 0
; 16256; 0
; 16276; 0
; 16296; 0
; 16316; 0
; 16337; 0
; 16357; 0
; 16378; 0
; 16399; 0
; 16420; 0
; 16440; 0
; 16460; 0
; 16480; 0
; 16501; 0
; 16522; 0
; 16543; 0
; 16563; 0
; 16584; 0
; 16605; 0
; 16626; 0
; 16647; 0
; 16667; 0
; 16688; 0
; 16708; 0
; 16730; 0
; 16750; 0
; 16771; 0
; 16792; 0
; 16813; 0
; 16834; 0
; 16854; 0
; 16876; 0
; 16895; 0
; 16915; 0
; 16935; 0
; 16956; 0
; 16976; 0
; 16997; 0
; 17016; 0
; 17037; 0
; 17057; 0
; 17079; 0
; 17099; 0
; 17119; 0
; 17141; 0
; 17162; 0
; 17182; 0
; 17202; 0
; 17224; 0
; 17244; 0
; 17265; 0
; 17285; 0
; 17304; 0
; 17325; 0
; 17346; 0
; 17367; 0
; 17389; 0
; 17408; 0
; 17429; 0
; 17451; 0
; 17471; 0
; 17493; 0
; 17514; 0
; 17534; 0
; 17554; 0
; 17575; 0
; 17596; 0
; 17616; 0
; 17636; 0
; 17657; 0
; 17677; 0
; 17697; 0
; 17717; 0
; 17737; 0
; 17758; 0
; 17778; 0
; 17799; 0
; 17819; 0
; 17839; 0
; 17859; 0
; 17879; 0
; 17899; 0
; 17920; 0
; 17942; 0
; 17963; 0
; 17984; 0
; 18005; 0
; 18026; 0
; 18046; 0
; 18066; 0
; 18087; 0
; 18109; 0
; 18130; 0
; 18151; 0
; 18172; 0
; 18192; 0
; 18213; 0
; 18235; 0
; 18255; 0
; 18276; 0
; 18297; 0
; 18319; 0
; 18339; 0
; 18359; 0
; 18379; 0
; 18399; 0
; 18419; 0
; 18440; 0
; 18460; 0
; 18481; 0
; 18500; 0
; 18520; 0
; 18541; 0
; 18561; 0
; 18582; 0
; 18602; 0
; 18623; 0
; 18642; 0
; 18663; 0
; 18683; 0
; 18704; 0
; 18725; 0
; 18745; 0
; 18765; 0
; 18786; 0
; 18806; 0
; 18827; 0
; 18847; 0
; 18867; 0
; 18887; 0
; 18907; 0
; 18928; 0
; 18948; 0
; 18968; 0
; 18988; 0
; 19008; 0
; 19029; 0
; 19050; 0
; 19071; 0
; 19092; 0
; 19112; 0
; 19132; 0
; 19152; 0
; 19173; 0
; 19194; 0
; 19215; 0
; 19235; 0
; 19255; 0
; 19275; 0
; 19295; 0
; 19316; 0
; 19336; 0
; 19357; 0
; 19378; 0
; 19399; 0
; 19420; 0
; 19441; 0
; 19462; 0
; 19482; 0
; 19502; 0
; 19521; 0
; 19542; 0
; 19562; 0
; 19583; 0
; 19603; 0
; 19624; 0
; 19644; 0
; 19665; 0
; 19686; 0
; 19707; 0
; 19727; 0
; 19747; 0
; 19767; 0
; 19787; 0
; 19808; 0
; 19828; 0
; 19849; 0
; 19870; 0
; 19890; 0
; 19911; 0
; 19932; 0
; 19952; 0
; 19973; 0
; 19993; 0
; 20013; 0
; 20033; 0
; 20053; 0
; 20073; 0
; 20094; 0
; 20114; 0
; 20135; 0
; 20156; 0
; 20177; 0
; 20198; 0
; 20218; 0
; 20238; 0
; 20259; 0
; 20279; 0
; 20299; 0
; 20319; 0
; 20339; 0
; 20359; 0
; 20379; 0
; 20399; 0
; 20419; 0
; 20439; 0
; 20460; 0
; 20479; 0
; 20499; 0
; 20520; 0
; 20541; 0
; 20561; 0
; 20582; 0
; 20602; 0
; 20622; 0
; 20644; 0
; 20665; 0
; 20687; 0
; 20707; 0
; 20728; 0
; 20748; 0
; 20769; 0
; 20789; 0
; 20809; 0
; 20830; 0
; 20850; 0
; 20870; 0
; 20892; 0
; 20912; 0
; 20932; 0
; 20953; 0
; 20974; 0
; 20994; 0
; 21014; 0
; 21036; 0
; 21057; 0
; 21078; 0
; 21099; 0
; 21119; 0
; 21140; 0
; 21160; 0
; 21181; 0
; 21202; 0
; 21224; 0
; 21245; 0
; 21265; 0
; 21285; 0
; 21307; 0
; 21328; 0
; 21348; 0
; 21369; 0
; 21389; 0
; 21409; 0
; 21430; 0
; 21451; 0
; 21471; 0
; 21492; 0
; 21513; 0
; 21533; 0
; 21554; 0
; 21575; 0
; 21596; 0
; 21616; 0
; 21637; 0
; 21658; 0
; 21679; 0
; 21699; 0
; 21721; 0
; 21741; 0
; 21760; 0
; 21782; 0
; 21802; 0
; 21823; 0
; 21843; 0
; 21864; 0
; 21885; 0
; 21906; 0
; 21927; 0
; 21948; 0
; 21969; 0
; 21990; 0
; 22010; 0
; 22031; 0
; 22052; 0
; 22074; 0
; 22094; 0
; 22113; 0
; 22133; 0
; 22154; 0
; 22176; 0
; 22196; 0
; 22216; 0
; 22237; 0
; 22259; 0
; 22280; 0
; 22300; 0
; 22321; 0
; 22341; 0
; 22362; 0
; 22383; 0
; 22404; 0
; 22426; 0
; 22446; 0
; 22467; 0
; 22487; 0
; 22508; 0
; 22528; 0
; 22548; 0
; 22568; 0
; 22588; 0
; 22608; 0
; 22629; 0
; 22650; 0
; 22671; 0
; 22692; 0
; 22713; 0
; 22733; 0
; 22753; 0
; 22773; 0
; 22794; 0
; 22815; 0
; 22836; 0
; 22856; 0
; 22875; 0
; 22895; 0
; 22915; 0
; 22936; 0
; 22957; 0
; 22977; 0
; 22997; 0
; 23017; 0
; 23038; 0
; 23059; 0
; 23079; 0
; 23101; 0
; 23121; 0
; 23142; 0
; 23163; 0
; 23185; 0
; 23205; 0
; 23227; 0
; 23247; 0
; 23267; 0
; 23287; 0
; 23307; 0
; 23328; 0
; 23349; 0
; 23370; 0
; 23390; 0
; 23410; 0
; 23430; 0
; 23451; 0
; 23471; 0
; 23491; 0
; 23512; 0
; 23532; 0
; 23553; 0
; 23573; 0
; 23593; 0
; 23613; 0
; 23634; 0
; 23653; 0
; 23674; 0
; 23694; 0
; 23715; 0
; 23735; 0
; 23755; 0
; 23775; 0
; 23795; 0
; 23815; 0
; 23835; 0
; 23856; 0
; 23876; 0
; 23896; 0
; 23916; 0
; 23938; 0
; 23957; 0
; 23977; 0
; 23998; 0
; 24018; 0
; 24038; 0
; 24058; 0
; 24078; 0
; 24099; 0
; 24119; 0
; 24139; 0
; 24159; 0
; 24179; 0
; 24200; 0
; 24221; 0
; 24242; 0
; 24263; 0
; 24284; 0
; 24306; 0
; 24326; 0
; 24347; 0
; 24367; 0
; 24387; 0
; 24407; 0
; 24427; 0
; 24448; 0
; 24469; 0
; 24489; 0
; 24510; 0
; 24530; 0
; 24550; 0
; 24571; 0
; 24592; 0
; 24612; 0
; 24632; 0
; 24653; 0
; 24673; 0
; 24694; 0
; 24715; 0
; 24736; 0
; 24756; 0
; 24777; 0
; 24798; 0
; 24818; 0
; 24839; 0
; 24859; 0
; 24879; 0
; 24899; 0
; 24920; 0
; 24941; 0
; 24962; 0
; 24983; 0
; 25003; 0
; 25023; 0
; 25044; 0
; 25064; 0
; 25085; 0
; 25105; 0
; 25126; 0
; 25148; 0
; 25168; 0
; 25190; 0
; 25211; 0
; 25231; 0
; 25251; 0
; 25272; 0
; 25292; 0
; 25313; 0
; 25334; 0
; 25355; 0
; 25375; 0
; 25396; 0
; 25417; 0
; 25438; 0
; 25459; 0
; 25479; 0
; 25499; 0
; 25520; 0
; 25541; 0
; 25561; 0
; 25581; 0
; 25603; 0
; 25624; 0
; 25644; 0
; 25664; 0
; 25684; 0
; 25704; 0
; 25726; 0
; 25746; 0
; 25766; 0
; 25786; 0
; 25806; 0
; 25826; 0
; 25846; 0
; 25866; 0
; 25885; 0
; 25906; 0
; 25927; 0
; 25948; 0
; 25968; 0
; 25989; 0
; 26009; 0
; 26030; 0
; 26050; 0
; 26070; 0
; 26091; 0
; 26112; 0
; 26133; 0
; 26154; 0
; 26175; 0
; 26195; 0
; 26216; 0
; 26236; 0
; 26256; 0
; 26276; 0
; 26296; 0
; 26316; 0
; 26336; 0
; 26357; 0
; 26378; 0
; 26399; 0
; 26419; 0
; 26440; 0
; 26462; 0
; 26482; 0
; 26504; 0
; 26525; 0
; 26545; 0
; 26566; 0
; 26587; 0
; 26608; 0
; 26628; 0
; 26649; 0
; 26671; 0
; 26692; 0
; 26713; 0
; 26733; 0
; 26753; 0
; 26773; 0
; 26793; 0
; 26813; 0
; 26833; 0
; 26854; 0
; 26874; 0
; 26894; 0
; 26914; 0
; 26934; 0
; 26955; 0
; 26975; 0
; 26995; 0
; 27015; 0
; 27036; 0
; 27056; 0
; 27075; 0
; 27096; 0
; 27117; 0
; 27137; 0
; 27157; 0
; 27177; 0
; 27197; 0
; 27218; 0
; 27238; 0
; 27258; 0
; 27278; 0
; 27299; 0
; 27321; 0
; 27341; 0
; 27361; 0
; 27382; 0
; 27401; 0
; 27423; 0
; 27444; 0
; 27464; 0
; 27485; 0
; 27505; 0
; 27525; 0
; 27545; 0
; 27565; 0
; 27585; 0
; 27606; 0
; 27626; 0
; 27646; 0
; 27667; 0
; 27688; 0
; 27709; 0
; 27729; 0
; 27750; 0
; 27770; 0
; 27791; 0
; 27811; 0
; 27832; 0
; 27852; 0
; 27872; 0
; 27893; 0
; 27913; 0
; 27934; 0
; 27955; 0
; 27975; 0
; 27995; 0
; 28017; 0
; 28037; 0
; 28057; 0
; 28077; 0
; 28098; 0
; 28119; 0
; 28139; 0
; 28160; 0
; 28180; 0
; 28202; 0
; 28222; 0
; 28242; 0
; 28262; 0
; 28283; 0
; 28303; 0
; 28323; 0
; 28344; 0
; 28364; 0
; 28383; 0
; 28403; 0
; 28424; 0
; 28445; 0
; 28465; 0
; 28487; 0
; 28507; 0
; 28528; 0
; 28549; 0
; 28569; 0
; 28589; 0
; 28610; 0
; 28630; 0
; 28650; 0
; 28670; 0
; 28691; 0
; 28710; 0
; 28731; 0
; 28751; 0
; 28772; 0
; 28793; 0
; 28813; 0
; 28834; 0
; 28855; 0
; 28875; 0
; 28895; 0
; 28916; 0
; 28936; 0
; 28957; 0
; 28978; 0
; 28998; 0
; 29018; 0
; 29040; 0
; 29061; 0
; 29082; 0
; 29103; 0
; 29124; 0
; 29146; 0
; 29166; 0
; 29186; 0
; 29207; 0
; 29227; 0
; 29247; 0
; 29266; 0
; 29287; 0
; 29308; 0
; 29329; 0
; 29350; 0
; 29369; 0
; 29389; 0
; 29409; 0
; 29429; 0
; 29449; 0
; 29469; 0
; 29490; 0
; 29510; 0
; 29530; 0
; 29551; 0
; 29571; 0
; 29592; 0
; 29613; 0
; 29635; 0
; 29654; 0
; 29674; 0
; 29695; 0
; 29715; 0
; 29737; 0
; 29757; 0
; 29776; 0
; 29798; 0
; 29818; 0
; 29838; 0
; 29858; 0
; 29878; 0
; 29900; 0
; 29921; 0
; 29942; 0
; 29963; 0
; 29983; 0
; 30004; 0
; 30024; 0
; 30045; 0
; 30065; 0
; 30087; 0
; 30106; 0
; 30126; 0
; 30147; 0
; 30167; 0
; 30187; 0
; 30207; 0
; 30229; 0
; 30249; 0
; 30270; 0
; 30291; 0
; 30312; 0
; 30332; 0
; 30353; 0
; 30373; 0
; 30394; 0
; 30415; 0
; 30436; 0
; 30457; 0
; 30477; 0
; 30498; 0
; 30519; 0
; 30539; 0
; 30560; 0
; 30580; 0
; 30601; 0
; 30621; 0
; 30641; 0
; 30662; 0
; 30682; 0
; 30702; 0
; 30722; 0
; 30743; 0
; 30765; 0
; 30785; 0
; 30805; 0
; 30825; 0
; 30845; 0
; 30865; 0
; 30886; 0
; 30907; 0
; 30927; 0
; 30947; 0
; 30967; 0
; 30988; 0
; 31008; 0
; 31028; 0
; 31050; 0
; 31070; 0
; 31091; 0
; 31112; 0
; 31132; 0
; 31152; 0
; 31173; 0
; 31193; 0
; 31213; 0
; 31234; 0
; 31255; 0
; 31275; 0
; 31297; 0
; 31317; 0
; 31337; 0
; 31358; 0
; 31378; 0
; 31399; 0
; 31421; 0
; 31441; 0
; 31461; 0
; 31482; 0
; 31502; 0
; 31523; 0
; 31543; 0
; 31564; 0
; 31584; 0
; 31605; 0
; 31626; 0
; 31647; 0
; 31667; 0
; 31688; 0
; 31709; 0
; 31729; 0
; 31750; 0
; 31770; 0
; 31791; 0
; 31811; 0
; 31832; 0
; 31853; 0
; 31874; 0
; 31896; 0
; 31916; 0
; 31936; 0
; 31956; 0
; 31978; 0
; 31999; 0
; 32019; 0
; 32039; 0
; 32059; 0
; 32079; 0
; 32099; 0
; 32120; 0
; 32140; 0
; 32161; 0
; 32181; 0
; 32202; 0
; 32223; 0
; 32243; 0
; 32264; 0
; 32284; 0
; 32306; 0
; 32327; 0
; 32347; 0
; 32367; 0
; 32387; 0
; 32408; 0
; 32429; 0
; 32450; 0
; 32471; 0
; 32491; 0
; 32511; 0
; 32532; 0
; 32553; 0
; 32574; 0
; 32594; 0
; 32615; 0
; 32636; 0
; 32656; 0
; 32676; 0
; 32697; 4
; 32717; 4
; 32738; 4
; 32758; 4
; 32778; 4
; 32799; 5
; 32819; 5
; 32839; 5
; 32861; 5
; 32882; 5
; 32903; 6
; 32923; 6
; 32943; 6
; 32964; 6
; 32985; 6
; 33006; 7
; 33026; 7
; 33046; 7
; 33066; 7
; 33086; 7
; 33106; 7
; 33126; 7
; 33146; 7
; 33166; 7
; 33186; 7
; 33206; 10
; 33227; 10
; 33247; 10
; 33267; 10
; 33287; 10
; 33307; 10
; 33327; 10
; 33347; 10
; 33367; 10
; 33388; 10
; 33408; 11
; 33428; 11
; 33448; 11
; 33468; 11
; 33488; 11
; 33508; 11
; 33528; 11
; 33548; 11
; 33568; 11
; 33588; 11
; 33608; 12
; 33628; 12
; 33649; 12
; 33669; 12
; 33689; 12
; 33710; 12
; 33730; 12
; 33750; 12
; 33771; 12
; 33791; 12
; 33811; 12
; 33831; 12
; 33851; 12
; 33872; 12
; 33892; 12
; 33912; 12
; 33933; 12
; 33953; 12
; 33975; 12
; 33995; 12
; 34015; 12
; 34035; 12
; 34056; 12
; 34078; 12
; 34099; 12
; 34119; 12
; 34139; 12
; 34159; 12
; 34179; 12
; 34201; 12
; 34221; 12
; 34243; 12
; 34264; 12
; 34285; 12
; 34305; 12
; 34326; 12
; 34346; 12
; 34366; 12
; 34385; 12
; 34406; 12
; 34427; 12
; 34448; 12
; 34469; 12
; 34489; 12
; 34509; 12
; 34531; 12
; 34551; 12
; 34573; 12
; 34594; 12
; 34615; 12
; 34635; 12
; 34656; 12
; 34677; 12
; 34697; 12
; 34717; 12
; 34737; 12
; 34757; 12
; 34777; 12
; 34797; 12
; 34817; 12
; 34837; 12
; 34859; 12
; 34879; 12
; 34899; 12
; 34919; 12
; 34941; 12
; 34961; 12
; 34981; 12
; 35002; 12
; 35022; 12
; 35042; 12
; 35064; 12
; 35084; 12
; 35104; 12
; 35126; 12
; 35146; 12
; 35166; 12
; 35186; 12
; 35207; 12
; 35228; 12
; 35248; 12
; 35269; 12
; 35289; 12
; 35309; 12
; 35329; 12
; 35350; 12
; 35371; 12
; 35391; 12
; 35412; 12
; 35433; 12
; 35453; 12
; 35475; 12
; 35495; 12
; 35516; 12
; 35537; 12
; 35557; 12
; 35577; 12
; 35599; 12
; 35619; 13
; 35639; 13
; 35660; 13
; 35681; 13
; 35701; 13
; 35721; 13
; 35741; 13
; 35761; 13
; 35782; 13
; 35803; 13
; 35823; 13
; 35843; 13
; 35863; 13
; 35883; 13
; 35903; 13
; 35923; 13
; 35944; 13
; 35964; 13
; 35985; 13
; 36005; 14
; 36026; 14
; 36046; 14
; 36067; 14
; 36088; 14
; 36109; 14
; 36130; 14
; 36151; 14
; 36171; 14
; 36192; 14
; 36212; 14
; 36233; 14
; 36254; 14
; 36275; 14
; 36295; 14
; 36315; 14
; 36335; 14
; 36355; 14
; 36375; 14
; 36396; 14
; 36416; 14
; 36436; 14
; 36456; 14
; 36477; 14
; 36499; 14
; 36519; 15
; 36539; 15
; 36561; 15
; 36581; 15
; 36601; 15
; 36621; 15
; 36642; 15
; 36662; 15
; 36683; 15
; 36705; 15
; 36725; 16
; 36746; 16
; 36766; 16
; 36787; 16
; 36807; 16
; 36828; 16
; 36849; 16
; 36870; 16
; 36890; 16
; 36910; 16
; 36931; 18
; 36951; 18
; 36971; 18
; 36991; 18
; 37012; 18
; 37032; 18
; 37053; 18
; 37074; 18
; 37095; 18
; 37116; 18
; 37136; 18
; 37157; 18
; 37177; 18
; 37199; 18
; 37220; 18
; 37241; 18
; 37262; 18
; 37282; 18
; 37303; 18
; 37324; 18
; 37345; 18
; 37366; 18
; 37386; 18
; 37407; 18
; 37427; 18
; 37447; 18
; 37467; 18
; 37488; 18
; 37509; 18
; 37529; 18
; 37551; 18
; 37571; 18
; 37592; 18
; 37612; 18
; 37634; 18
; 37655; 18
; 37675; 18
; 37696; 18
; 37717; 18
; 37739; 19
; 37760; 19
; 37781; 19
; 37802; 19
; 37822; 19
; 37842; 19
; 37862; 19
; 37883; 19
; 37904; 19
; 37925; 21
; 37945; 21
; 37966; 21
; 37987; 21
; 38008; 21
; 38028; 21
; 38049; 21
; 38069; 21
; 38089; 21
; 38109; 21
; 38130; 21
; 38151; 21
; 38172; 21
; 38193; 21
; 38213; 21
; 38235; 21
; 38255; 21
; 38275; 21
; 38296; 21
; 38316; 21
; 38337; 21
; 38357; 21
; 38378; 21
; 38399; 21
; 38420; 21
; 38441; 21
; 38463; 21
; 38483; 21
; 38503; 21
; 38523; 21
; 38543; 17
; 38563; 17
; 38583; 17
; 38604; 17
; 38625; 17
; 38647; 17
; 38668; 17
; 38689; 17
; 38709; 17
; 38731; 15
; 38751; 15
; 38771; 15
; 38792; 15
; 38813; 15
; 38833; 15
; 38853; 15
; 38873; 15
; 38894; 15
; 38914; 15
; 38934; 15
; 38955; 15
; 38975; 15
; 38996; 15
; 39016; 15
; 39036; 15
; 39056; 15
; 39077; 15
; 39097; 15
; 39117; 15
; 39137; 15
; 39157; 15
; 39177; 15
; 39199; 15
; 39219; 15
; 39240; 15
; 39260; 15
; 39280; 15
; 39301; 15
; 39321; 15
; 39341; 15
; 39363; 15
; 39383; 15
; 39403; 15
; 39424; 15
; 39444; 15
; 39464; 15
; 39484; 15
; 39504; 15
; 39524; 15
; 39544; 15
; 39565; 15
; 39585; 15
; 39605; 15
; 39625; 15
; 39644; 15
; 39666; 15
; 39687; 15
; 39707; 15
; 39728; 15
; 39749; 15
; 39769; 15
; 39789; 15
; 39809; 15
; 39829; 15
; 39849; 15
; 39869; 15
; 39891; 15
; 39910; 15
; 39931; 15
; 39951; 15
; 39971; 15
; 39992; 15
; 40012; 15
; 40034; 15
; 40054; 15
; 40074; 15
; 40095; 15
; 40116; 15
; 40137; 15
; 40158; 15
; 40179; 15
; 40199; 15
; 40219; 15
; 40239; 15
; 40260; 15
; 40280; 15
; 40301; 15
; 40322; 15
; 40342; 15
; 40362; 15
; 40384; 15
; 40404; 15
; 40424; 15
; 40446; 15
; 40467; 15
; 40487; 15
; 40507; 15
; 40529; 15
; 40549; 15
; 40569; 15
; 40590; 15
; 40610; 15
; 40630; 15
; 40650; 15
; 40670; 15
; 40690; 15
; 40710; 15
; 40730; 15
; 40750; 15
; 40771; 15
; 40791; 15
; 40811; 15
; 40833; 15
; 40854; 15
; 40874; 15
; 40894; 15
; 40915; 15
; 40936; 15
; 40957; 15
; 40978; 15
; 40998; 15
; 41020; 15
; 41040; 15
; 41060; 15
; 41081; 15
; 41102; 15
; 41122; 15
; 41142; 15
; 41162; 15
; 41183; 15
; 41204; 15
; 41225; 15
; 41245; 15
; 41265; 15
; 41287; 15
; 41308; 15
; 41329; 15
; 41350; 15
; 41371; 15
; 41391; 15
; 41412; 15
; 41432; 15
; 41452; 15
; 41473; 15
; 41493; 15
; 41513; 15
; 41534; 15
; 41554; 15
; 41575; 15
; 41595; 15
; 41616; 15
; 41636; 15
; 41657; 15
; 41679; 15
; 41700; 15
; 41721; 15
; 41741; 15
; 41762; 15
; 41782; 15
; 41802; 15
; 41822; 15
; 41842; 15
; 41862; 15
; 41882; 15
; 41902; 15
; 41923; 15
; 41944; 15
; 41964; 15
; 41984; 15
; 42004; 15
; 42025; 15
; 42045; 15
; 42066; 15
; 42087; 15
; 42107; 15
; 42127; 15
; 42147; 15
; 42168; 15
; 42189; 15
; 42208; 15
; 42229; 15
; 42250; 15
; 42270; 15
; 42291; 15
; 42311; 15
; 42330; 15
; 42351; 15
; 42371; 15
; 42392; 15
; 42412; 15
; 42432; 15
; 42452; 15
; 42474; 15
; 42494; 15
; 42514; 15
; 42534; 15
; 42554; 15
; 42574; 15
; 42594; 15
; 42614; 15
; 42634; 15
; 42655; 15
; 42676; 15
; 42698; 15
; 42719; 15
; 42739; 15
; 42759; 15
; 42780; 15
; 42799; 15
; 42821; 15
; 42842; 15
; 42863; 15
; 42883; 15
; 42903; 15
; 42923; 15
; 42944; 15
; 42965; 15
; 42986; 15
; 43008; 15
; 43029; 15
; 43049; 15
; 43070; 15
; 43090; 15
; 43110; 15
; 43131; 15
; 43152; 15
; 43172; 15
; 43193; 15
; 43213; 15
; 43233; 15
; 43254; 15
; 43275; 15
; 43295; 15
; 43315; 15
; 43335; 15
; 43356; 15
; 43377; 15
; 43397; 15
; 43417; 15
; 43438; 15
; 43459; 15
; 43479; 15
; 43499; 15
; 43519; 15
; 43540; 15
; 43560; 15
; 43581; 15
; 43602; 15
; 43623; 15
; 43643; 15
; 43663; 15
; 43684; 15
; 43704; 15
; 43725; 15
; 43745; 15
; 43766; 15
; 43786; 15
; 43806; 15
; 43826; 15
; 43847; 15
; 43867; 15
; 43888; 15
; 43907; 15
; 43927; 15
; 43947; 15
; 43967; 15
; 43988; 15
; 44008; 15
; 44029; 15
; 44049; 15
; 44069; 15
; 44090; 15
; 44110; 15
; 44130; 15
; 44151; 15
; 44172; 15
; 44192; 15
; 44212; 15
; 44232; 15
; 44253; 15
; 44274; 15
; 44295; 15
; 44315; 15
; 44336; 15
; 44358; 15
; 44377; 15
; 44398; 15
; 44419; 15
; 44440; 15
; 44461; 15
; 44481; 15
; 44501; 15
; 44521; 15
; 44541; 15
; 44561; 15
; 44582; 15
; 44602; 15
; 44624; 15
; 44643; 15
; 44663; 15
; 44683; 15
; 44703; 15
; 44725; 15
; 44744; 15
; 44765; 15
; 44785; 15
; 44806; 15
; 44828; 15
; 44849; 15
; 44869; 15
; 44889; 15
; 44910; 15
; 44931; 15
; 44951; 15
; 44972; 15
; 44993; 15
; 45014; 15
; 45034; 15
; 45055; 15
; 45076; 15
; 45095; 15
; 45115; 15
; 45136; 15
; 45156; 15
; 45176; 15
; 45198; 15
; 45219; 15
; 45240; 15
; 45261; 15
; 45282; 15
; 45302; 15
; 45323; 15
; 45344; 15
; 45364; 15
; 45385; 15
; 45405; 15
; 45425; 15
; 45445; 15
; 45466; 15
; 45487; 15
; 45507; 15
; 45529; 15
; 45549; 15
; 45570; 15
; 45590; 15
; 45611; 15
; 45631; 15
; 45651; 15
; 45671; 15
; 45692; 15
; 45713; 15
; 45735; 15
; 45754; 15
; 45775; 15
; 45797; 15
; 45817; 15
; 45838; 15
; 45858; 15
; 45878; 15
; 45899; 15
; 45920; 15
; 45941; 15
; 45961; 15
; 45981; 15
; 46002; 15
; 46023; 15
; 46043; 15
; 46064; 15
; 46084; 15
; 46104; 15
; 46124; 15
; 46145; 15
; 46166; 15
; 46187; 15
; 46207; 15
; 46227; 15
; 46247; 15
; 46267; 15
; 46287; 15
; 46308; 15
; 46328; 15
; 46348; 15
; 46368; 15
; 46389; 15
; 46410; 15
; 46430; 15
; 46450; 15
; 46470; 15
; 46491; 15
; 46511; 15
; 46532; 15
; 46552; 15
; 46572; 15
; 46592; 15
; 46612; 15
; 46633; 15
; 46653; 15
; 46674; 15
; 46695; 15
; 46715; 15
; 46735; 15
; 46755; 15
; 46775; 15
; 46795; 15
; 46816; 15
; 46835; 15
; 46855; 15
; 46877; 15
; 46897; 15
; 46918; 15
; 46938; 15
; 46959; 15
; 46979; 15
; 46999; 15
; 47019; 15
; 47040; 15
; 47060; 15
; 47081; 15
; 47101; 15
; 47121; 15
; 47141; 15
; 47162; 15
; 47183; 15
; 47203; 15
; 47225; 15
; 47246; 15
; 47267; 15
; 47288; 15
; 47308; 15
; 47328; 15
; 47349; 15
; 47370; 15
; 47392; 15
; 47413; 15
; 47433; 15
; 47453; 15
; 47475; 15
; 47495; 15
; 47515; 15
; 47536; 15
; 47556; 15
; 47577; 15
; 47598; 15
; 47618; 15
; 47638; 15
; 47658; 15
; 47678; 15
; 47698; 15
; 47719; 15
; 47740; 15
; 47761; 15
; 47783; 15
; 47804; 15
; 47825; 15
; 47846; 15
; 47866; 15
; 47887; 15
; 47908; 15
; 47929; 15
; 47950; 15
; 47970; 15
; 47992; 15
; 48012; 15
; 48032; 15
; 48054; 15
; 48075; 15
; 48096; 15
; 48115; 15
; 48137; 15
; 48157; 15
; 48178; 15
; 48199; 15
; 48219; 15
; 48241; 15
; 48262; 15
; 48281; 15
; 48303; 15
; 48324; 15
; 48345; 15
; 48365; 15
; 48385; 15
; 48405; 15
; 48426; 15
; 48446; 15
; 48467; 15
; 48486; 15
; 48507; 15
; 48527; 15
; 48548; 15
; 48569; 15
; 48589; 15
; 48609; 15
; 48630; 15
; 48651; 15
; 48671; 15
; 48691; 15
; 48712; 15
; 48732; 15
; 48752; 15
; 48772; 15
; 48792; 15
; 48813; 15
; 48832; 15
; 48854; 15
; 48874; 15
; 48895; 15
; 48916; 15
; 48937; 15
; 48958; 15
; 48979; 15
; 48999; 15
; 49019; 15
; 49040; 15
; 49061; 15
; 49081; 15
; 49101; 15
; 49122; 15
; 49144; 15
; 49164; 15
; 49184; 15
; 49206; 15
; 49226; 15
; 49247; 15
; 49268; 15
; 49288; 15
; 49309; 15
; 49330; 15
; 49351; 15
; 49371; 15
; 49392; 15
; 49413; 15
; 49433; 15
; 49454; 15
; 49474; 15
; 49495; 15
; 49515; 15
; 49535; 15
; 49555; 15
; 49576; 15
; 49596; 15
; 49616; 15
; 49636; 15
; 49656; 15
; 49677; 15
; 49699; 15
; 49721; 15
; 49741; 15
; 49762; 15
; 49782; 15
; 49802; 15
; 49822; 15
; 49843; 15
; 49864; 15
; 49885; 15
; 49906; 15
; 49925; 15
; 49946; 15
; 49967; 15
; 49988; 15
; 50008; 15
; 50028; 15
; 50050; 15
; 50070; 15
; 50091; 15
; 50111; 15
; 50132; 15
; 50153; 15
; 50174; 15
; 50195; 15
; 50215; 15
; 50236; 15
; 50256; 15
; 50276; 15
; 50296; 15
; 50318; 15
; 50338; 15
; 50358; 15
; 50377; 15
; 50397; 15
; 50418; 15
; 50439; 15
; 50459; 15
; 50479; 15
; 50501; 15
; 50521; 15
; 50541; 15
; 50562; 15
; 50583; 15
; 50604; 15
; 50624; 15
; 50645; 15
; 50666; 15
; 50688; 15
; 50709; 15
; 50729; 15
; 50749; 15
; 50770; 15
; 50790; 15
; 50810; 15
; 50831; 15
; 50851; 15
; 50871; 15
; 50891; 15
; 50911; 15
; 50931; 15
; 50952; 15
; 50972; 15
; 50992; 15
; 51013; 15
; 51035; 15
; 51055; 15
; 51075; 15
; 51095; 15
; 51115; 15
; 51137; 15
; 51157; 15
; 51177; 15
; 51198; 15
; 51219; 15
; 51239; 15
; 51259; 15
; 51279; 15
; 51299; 15
; 51319; 15
; 51340; 15
; 51360; 15
; 51380; 15
; 51401; 15
; 51421; 15
; 51442; 15
; 51462; 15
; 51482; 15
; 51504; 15
; 51525; 15
; 51545; 15
; 51565; 15
; 51587; 15
; 51607; 15
; 51628; 15
; 51650; 15
; 51670; 15
; 51692; 15
; 51712; 15
; 51733; 15
; 51754; 15
; 51774; 15
; 51796; 15
; 51816; 15
; 51837; 15
; 51858; 15
; 51880; 15
; 51900; 15
; 51921; 15
; 51942; 15
; 51963; 15
; 51984; 15
; 52006; 15
; 52025; 15
; 52046; 15
; 52067; 15
; 52087; 15
; 52107; 15
; 52127; 15
; 52148; 15
; 52168; 15
; 52189; 15
; 52209; 15
; 52229; 15
; 52250; 15
; 52271; 15
; 52292; 15
; 52313; 15
; 52335; 15
; 52355; 15
; 52375; 15
; 52396; 15
; 52417; 15
; 52437; 15
; 52457; 15
; 52479; 15
; 52499; 15
; 52519; 15
; 52541; 15
; 52561; 15
; 52581; 15
; 52602; 15
; 52623; 15
; 52643; 15
; 52663; 15
; 52683; 15
; 52703; 15
; 52724; 15
; 52744; 15
; 52765; 15
; 52785; 15
; 52806; 15
; 52826; 15
; 52847; 15
; 52868; 15
; 52888; 15
; 52909; 15
; 52929; 15
; 52949; 15
; 52969; 15
; 52989; 15
; 53009; 15
; 53030; 15
; 53050; 15
; 53070; 15
; 53092; 15
; 53113; 15
; 53133; 15
; 53153; 15
; 53174; 15
; 53195; 15
; 53215; 15
; 53236; 15
; 53257; 15
; 53277; 15
; 53297; 15
; 53317; 15
; 53338; 15
; 53359; 15
; 53379; 15
; 53400; 15
; 53421; 15
; 53441; 15
; 53461; 15
; 53481; 15
; 53502; 15
; 53523; 15
; 53545; 15
; 53566; 15
; 53586; 15
; 53606; 15
; 53626; 15
; 53646; 15
; 53668; 15
; 53688; 15
; 53708; 15
; 53729; 15
; 53750; 15
; 53770; 15
; 53791; 15
; 53811; 15
; 53831; 15
; 53852; 15
; 53873; 15
; 53894; 15
; 53914; 15
; 53934; 15
; 53955; 15
; 53974; 15
; 53994; 15
; 54016; 15
; 54037; 15
; 54058; 15
; 54079; 15
; 54101; 15
; 54123; 15
; 54143; 15
; 54163; 15
; 54183; 15
; 54204; 15
; 54223; 15
; 54244; 15
; 54265; 15
; 54286; 15
; 54307; 15
; 54328; 15
; 54349; 15
; 54369; 15
; 54389; 15
; 54410; 15
; 54429; 15
; 54449; 15
; 54469; 15
; 54489; 15
; 54509; 15
; 54530; 15
; 54551; 15
; 54573; 15
; 54594; 15
; 54614; 15
; 54636; 15
; 54656; 15
; 54676; 15
; 54696; 15
; 54716; 15
; 54736; 15
; 54757; 15
; 54778; 15
; 54799; 15
; 54821; 15
; 54841; 15
; 54861; 15
; 54882; 15
; 54902; 15
; 54921; 15
; 54941; 15
; 54962; 15
; 54982; 15
; 55002; 15
; 55022; 15
; 55042; 15
; 55062; 15
; 55082; 15
; 55103; 15
; 55124; 15
; 55144; 15
; 55164; 15
; 55184; 15
; 55205; 15
; 55226; 15
; 55247; 15
; 55269; 15
; 55290; 15
; 55310; 15
; 55330; 15
; 55350; 15
; 55369; 15
; 55389; 15
; 55409; 15
; 55429; 15
; 55449; 15
; 55470; 15
; 55490; 15
; 55511; 15
; 55532; 15
; 55552; 15
; 55574; 15
; 55594; 15
; 55614; 15
; 55635; 15
; 55655; 15
; 55677; 15
; 55697; 15
; 55718; 15
; 55739; 15
; 55759; 15
; 55779; 15
; 55800; 15
; 55822; 15
; 55843; 15
; 55863; 15
; 55884; 15
; 55904; 15
; 55924; 15
; 55944; 15
; 55964; 15
; 55985; 15
; 56005; 15
; 56025; 15
; 56047; 15
; 56067; 15
; 56087; 15
; 56107; 15
; 56128; 15
; 56149; 15
; 56169; 15
; 56189; 15
; 56210; 15
; 56230; 15
; 56250; 15
; 56270; 15
; 56291; 15
; 56311; 15
; 56332; 15
; 56352; 15
; 56372; 15
; 56392; 15
; 56414; 15
; 56434; 15
; 56456; 15
; 56475; 15
; 56496; 15
; 56516; 15
; 56537; 15
; 56557; 15
; 56577; 15
; 56597; 15
; 56618; 15
; 56639; 15
; 56659; 15
; 56679; 15
; 56700; 15
; 56721; 15
; 56743; 15
; 56763; 15
; 56783; 15
; 56803; 15
; 56823; 15
; 56843; 15
; 56864; 15
; 56885; 15
; 56905; 15
; 56925; 15
; 56945; 15
; 56966; 15
; 56985; 15
; 57006; 15
; 57027; 15
; 57047; 15
; 57067; 15
; 57088; 15
; 57110; 15
; 57131; 15
; 57151; 15
; 57172; 23
; 57192; 23
; 57213; 23
; 57233; 23
; 57253; 23
; 57273; 23
; 57293; 23
; 57314; 23
; 57334; 23
; 57356; 23
; 57376; 23
; 57396; 23
; 57416; 23
; 57437; 23
; 57456; 24
; 57477; 24
; 57497; 24
; 57517; 24
; 57538; 24
; 57558; 24
; 57578; 24
; 57599; 24
; 57620; 24
; 57640; 24
; 57660; 24
; 57681; 24
; 57701; 24
; 57722; 24
; 57742; 24
; 57763; 24
; 57783; 24
; 57804; 24
; 57824; 24
; 57844; 24
; 57864; 24
; 57885; 24
; 57906; 24
; 57927; 24
; 57948; 24
; 57970; 24
; 57990; 24
; 58011; 24
; 58031; 24
; 58051; 24
; 58071; 24
; 58091; 24
; 58111; 24
; 58132; 24
; 58153; 24
; 58173; 22
; 58193; 22
; 58213; 22
; 58233; 22
; 58253; 22
; 58274; 22
; 58294; 22
; 58315; 22
; 58335; 22
; 58356; 22
; 58377; 21
; 58399; 21
; 58420; 21
; 58439; 21
; 58460; 21
; 58479; 21
; 58500; 21
; 58521; 21
; 58541; 21
; 58561; 21
; 58582; 21
; 58603; 21
; 58623; 21
; 58644; 21
; 58664; 21
; 58685; 21
; 58705; 21
; 58726; 21
; 58748; 21
; 58768; 21
; 58789; 21
; 58810; 21
; 58831; 21
; 58851; 21
; 58871; 21
; 58891; 21
; 58912; 21
; 58933; 21
; 58953; 21
; 58974; 19
; 58994; 19
; 59013; 19
; 59034; 19
; 59056; 19
; 59076; 19
; 59096; 19
; 59117; 19
; 59139; 19
; 59159; 19
; 59181; 19
; 59202; 19
; 59223; 19
; 59243; 19
; 59264; 19
; 59284; 19
; 59304; 19
; 59324; 19
; 59344; 19
; 59365; 19
; 59386; 19
; 59407; 19
; 59427; 19
; 59447; 19
; 59467; 19
; 59488; 19
; 59510; 19
; 59530; 19
; 59551; 19
; 59571; 19
; 59591; 19
; 59612; 19
; 59632; 19
; 59652; 19
; 59672; 19
; 59692; 19
; 59712; 19
; 59734; 19
; 59754; 19
; 59775; 19
; 59795; 19
; 59816; 19
; 59837; 19
; 59857; 19
; 59877; 19
; 59897; 19
; 59917; 19
; 59937; 19
; 59959; 19
; 59979; 19
; 59999; 19
; 60020; 19
; 60039; 19
; 60059; 19
; 60079; 18
; 60099; 18
; 60119; 18
; 60139; 18
; 60159; 18
; 60180; 18
; 60201; 18
; 60223; 18
; 60244; 18
; 60265; 18
; 60287; 18
; 60307; 18
; 60327; 18
; 60348; 18
; 60369; 18
; 60390; 18
; 60410; 18
; 60430; 18
; 60451; 18
; 60472; 18
; 60492; 18
; 60512; 18
; 60532; 18
; 60553; 18
; 60573; 18
; 60594; 18
; 60614; 18
; 60635; 18
; 60655; 18
; 60675; 17
; 60696; 17
; 60716; 17
; 60738; 17
; 60758; 17
; 60780; 17
; 60801; 17
; 60822; 17
; 60843; 17
; 60863; 17
; 60884; 17
; 60904; 17
; 60925; 17
; 60946; 17
; 60966; 17
; 60986; 17
; 61007; 17
; 61028; 17
; 61049; 17
; 61069; 17
; 61089; 17
; 61110; 17
; 61130; 17
; 61152; 17
; 61173; 17
; 61195; 17
; 61216; 17
; 61237; 17
; 61258; 17
; 61278; 17
; 61299; 17
; 61319; 17
; 61340; 17
; 61360; 17
; 61380; 17
; 61401; 17
; 61421; 17
; 61441; 17
; 61461; 17
; 61482; 17
; 61502; 17
; 61522; 17
; 61542; 17
; 61563; 17
; 61583; 17
; 61603; 17
; 61623; 17
; 61643; 17
; 61664; 17
; 61686; 17
; 61706; 17
; 61727; 17
; 61747; 17
; 61769; 17
; 61790; 17
; 61811; 17
; 61832; 17
; 61852; 17
; 61873; 17
; 61893; 17
; 61915; 17
; 61935; 17
; 61956; 17
; 61977; 17
; 61998; 17
; 62020; 17
; 62040; 17
; 62059; 17
; 62079; 17
; 62099; 17
; 62119; 17
; 62139; 17
; 62161; 17
; 62181; 17
; 62203; 17
; 62223; 17
; 62244; 17
; 62264; 17
; 62284; 17
; 62304; 17
; 62324; 17
; 62344; 17
; 62364; 17
; 62384; 17
; 62405; 17
; 62426; 17
; 62447; 17
; 62469; 17
; 62489; 17
; 62510; 17
; 62530; 17
; 62550; 17
; 62571; 17
; 62592; 17
; 62613; 17
; 62633; 17
; 62653; 17
; 62673; 17
; 62693; 17
; 62714; 17
; 62736; 17
; 62757; 17
; 62778; 17
; 62798; 17
; 62819; 17
; 62839; 17
; 62860; 17
; 62881; 17
; 62901; 17
; 62921; 17
; 62941; 17
; 62961; 17
; 62982; 17
; 63002; 17
; 63023; 17
; 63044; 17
; 63064; 17
; 63084; 17
; 63105; 17
; 63126; 17
; 63147; 17
; 63168; 17
; 63189; 17
; 63210; 17
; 63230; 17
; 63250; 17
; 63271; 17
; 63293; 17
; 63314; 17
; 63334; 17
; 63354; 17
; 63375; 17
; 63395; 17
; 63416; 17
; 63435; 17
; 63455; 17
; 63476; 17
; 63497; 17
; 63517; 17
; 63539; 17
; 63559; 17
; 63579; 17
; 63600; 17
; 63621; 17
; 63641; 17
; 63662; 17
; 63683; 17
; 63704; 17
; 63724; 17
; 63745; 17
; 63765; 17
; 63786; 17
; 63806; 17
; 63827; 17
; 63847; 17
; 63867; 17
; 63887; 17
; 63909; 17
; 63930; 17
; 63951; 17
; 63971; 17
; 63991; 17
; 64012; 17
; 64033; 17
; 64053; 17
; 64074; 17
; 64094; 17
; 64115; 17
; 64135; 17
; 64155; 17
; 64175; 17
; 64196; 17
; 64216; 17
; 64237; 17
; 64257; 17
; 64277; 17
; 64298; 17
; 64318; 17
; 64339; 17
; 64360; 17
; 64380; 17
; 64401; 17
; 64422; 17
; 64442; 17
; 64462; 17
; 64482; 17
; 64503; 17
; 64523; 17
; 64544; 17
; 64565; 17
; 64586; 17
; 64606; 17
; 64626; 17
; 64647; 17
; 64668; 17
; 64689; 17
; 64711; 17
; 64731; 17
; 64751; 17
; 64771; 17
; 64792; 17
; 64813; 17
; 64834; 17
; 64854; 17
; 64874; 17
; 64895; 17
; 64915; 17
; 64936; 17
; 64956; 17
; 64978; 17
; 64999; 17
; 65019; 17
; 65040; 17
; 65061; 17
; 65083; 17
; 65103; 17
; 65124; 17
; 65145; 17
; 65165; 17
; 65186; 17
; 65206; 17
; 65226; 17
; 65246; 17
; 65266; 17
; 65286; 17
; 65306; 17
; 65326; 17
; 65347; 17
; 65368; 17
; 65388; 17
; 65408; 17
; 65429; 17
; 65450; 17
; 65470; 17
; 65490; 17
; 65511; 17
; 65531; 17
; 65552; 17
; 65573; 17
; 65593; 17
; 65613; 17
; 65633; 17
; 65653; 17
; 65674; 17
; 65693; 17
; 65713; 17
; 65733; 17
; 65754; 17
; 65774; 17
; 65794; 17
; 65814; 17
; 65834; 17
; 65854; 17
; 65874; 17
; 65894; 17
; 65915; 17
; 65936; 17
; 65957; 17
; 65977; 17
; 65998; 17
; 66018; 17
; 66039; 17
; 66061; 17
; 66081; 17
; 66102; 17
; 66122; 17
; 66142; 17
; 66163; 17
; 66183; 17
; 66203; 17
; 66223; 17
; 66243; 17
; 66264; 17
; 66285; 17
; 66307; 17
; 66328; 17
; 66348; 17
; 66369; 17
; 66389; 17
; 66409; 17
; 66429; 17
; 66450; 17
; 66470; 17
; 66491; 17
; 66511; 17
; 66531; 17
; 66551; 17
; 66571; 17
; 66592; 17
; 66613; 17
; 66634; 17
; 66655; 17
; 66676; 17
; 66698; 17
; 66718; 17
; 66738; 17
; 66759; 17
; 66779; 17
; 66799; 17
; 66819; 17
; 66840; 17
; 66861; 17
; 66882; 17
; 66902; 17
; 66923; 17
; 66943; 17
; 66963; 17
; 66984; 17
; 67004; 17
; 67024; 17
; 67044; 17
; 67065; 17
; 67085; 17
; 67105; 17
; 67126; 17
; 67147; 17
; 67168; 17
; 67189; 17
; 67209; 17
; 67229; 17
; 67250; 17
; 67271; 17
; 67291; 17
; 67311; 17
; 67331; 17
; 67351; 17
; 67372; 17
; 67394; 17
; 67415; 17
; 67435; 17
; 67455; 17
; 67477; 17
; 67497; 17
; 67517; 17
; 67538; 17
; 67559; 17
; 67579; 17
; 67600; 17
; 67621; 17
; 67641; 17
; 67663; 17
; 67683; 17
; 67703; 17
; 67725; 17
; 67745; 17
; 67767; 17
; 67787; 17
; 67809; 17
; 67830; 17
; 67850; 17
; 67870; 17
; 67890; 17
; 67911; 17
; 67932; 17
; 67953; 17
; 67972; 17
; 67993; 17
; 68013; 17
; 68033; 17
; 68054; 17
; 68075; 17
; 68096; 17
; 68116; 17
; 68136; 17
; 68155; 17
; 68176; 17
; 68196; 17
; 68216; 17
; 68237; 17
; 68257; 17
; 68277; 17
; 68297; 17
; 68317; 17
; 68337; 17
; 68359; 17
; 68380; 17
; 68401; 17
; 68421; 17
; 68442; 17
; 68463; 17
; 68483; 17
; 68503; 17
; 68525; 17
; 68546; 17
; 68566; 17
; 68587; 17
; 68607; 17
; 68628; 17
; 68649; 17
; 68669; 17
; 68690; 17
; 68711; 17
; 68732; 17
; 68752; 17
; 68771; 17
; 68793; 17
; 68813; 17
; 68834; 17
; 68855; 17
; 68876; 17
; 68897; 17
; 68918; 17
; 68938; 17
; 68959; 17
; 68979; 17
; 68999; 17
; 69019; 17
; 69039; 17
; 69060; 17
; 69081; 17
; 69102; 17
; 69123; 17
; 69143; 17
; 69163; 17
; 69183; 17
; 69203; 17
; 69223; 17
; 69244; 17
; 69264; 17
; 69284; 17
; 69304; 17
; 69325; 17
; 69345; 17
; 69366; 17
; 69385; 17
; 69406; 17
; 69427; 17
; 69448; 17
; 69468; 17
; 69488; 17
; 69508; 17
; 69529; 17
; 69550; 17
; 69571; 17
; 69591; 17
; 69611; 17
; 69632; 17
; 69653; 17
; 69674; 17
; 69694; 17
; 69714; 17
; 69735; 17
; 69755; 17
; 69775; 17
; 69795; 17
; 69815; 17
; 69835; 17
; 69856; 17
; 69876; 17
; 69897; 17
; 69918; 17
; 69939; 17
; 69959; 17
; 69979; 17
; 69999; 17
; 70021; 17
; 70041; 17
; 70061; 17
; 70081; 17
; 70101; 17
; 70123; 17
; 70143; 17
; 70164; 17
; 70185; 17
; 70205; 17
; 70227; 17
; 70247; 17
; 70267; 17
; 70287; 17
; 70307; 17
; 70327; 17
; 70347; 17
; 70367; 17
; 70387; 17
; 70407; 17
; 70427; 17
; 70447; 17
; 70467; 17
; 70488; 17
; 70508; 17
; 70529; 17
; 70550; 17
; 70570; 17
; 70590; 17
; 70611; 17
; 70633; 17
; 70655; 17
; 70675; 17
; 70695; 17
; 70716; 17
; 70736; 17
; 70757; 17
; 70777; 17
; 70798; 17
; 70819; 17
; 70840; 17
; 70861; 17
; 70882; 17
; 70902; 17
; 70922; 17
; 70942; 17
; 70962; 17
; 70983; 17
; 71003; 17
; 71022; 17
; 71044; 17
; 71065; 17
; 71085; 17
; 71105; 17
; 71126; 17
; 71148; 17
; 71168; 17
; 71188; 17
; 71209; 17
; 71230; 17
; 71250; 17
; 71270; 17
; 71290; 17
; 71311; 17
; 71333; 17
; 71353; 17
; 71373; 17
; 71393; 17
; 71413; 17
; 71434; 17
; 71455; 17
; 71476; 17
; 71496; 17
; 71516; 17
; 71537; 17
; 71557; 17
; 71576; 17
; 71597; 17
; 71618; 17
; 71639; 17
; 71659; 17
; 71679; 17
; 71699; 17
; 71719; 17
; 71740; 17
; 71761; 17
; 71782; 17
; 71803; 17
; 71823; 17
; 71843; 17
; 71864; 17
; 71884; 17
; 71905; 17
; 71926; 17
; 71946; 17
; 71967; 17
; 71988; 17
; 72008; 17
; 72028; 17
; 72049; 17
; 72071; 17
; 72091; 17
; 72110; 17
; 72131; 17
; 72151; 17
; 72172; 17
; 72193; 17
; 72213; 17
; 72233; 17
; 72254; 17
; 72274; 17
; 72295; 17
; 72315; 17
; 72336; 17
; 72357; 17
; 72378; 17
; 72398; 17
; 72419; 17
; 72438; 17
; 72459; 17
; 72480; 17
; 72500; 17
; 72521; 17
; 72542; 17
; 72563; 17
; 72583; 17
; 72603; 17
; 72624; 17
; 72645; 17
; 72665; 17
; 72685; 17
; 72706; 17
; 72726; 17
; 72746; 17
; 72766; 17
; 72788; 17
; 72808; 17
; 72829; 17
; 72850; 17
; 72871; 17
; 72891; 17
; 72912; 17
; 72932; 17
; 72952; 17
; 72973; 17
; 72993; 17
; 73013; 17
; 73033; 17
; 73055; 17
; 73075; 17
; 73096; 17
; 73116; 17
; 73137; 17
; 73157; 17
; 73177; 17
; 73199; 17
; 73219; 17
; 73239; 17
; 73258; 17
; 73278; 17
; 73299; 17
; 73319; 17
; 73339; 17
; 73361; 17
; 73381; 17
; 73402; 17
; 73423; 17
; 73444; 17
; 73465; 17
; 73485; 17
; 73506; 17
; 73527; 17
; 73547; 17
; 73567; 17
; 73588; 17
; 73609; 17
; 73629; 17
; 73650; 17
; 73671; 17
; 73692; 17
; 73713; 17
; 73734; 17
; 73754; 17
; 73775; 17
; 73795; 17
; 73815; 17
; 73836; 17
; 73857; 17
; 73877; 17
; 73897; 17
; 73919; 17
; 73939; 17
; 73959; 17
; 73979; 17
; 73999; 17
; 74019; 17
; 74039; 17
; 74059; 17
; 74081; 17
; 74102; 17
; 74123; 17
; 74143; 17
; 74163; 17
; 74184; 17
; 74204; 17
; 74225; 17
; 74246; 17
; 74267; 17
; 74286; 17
; 74306; 17
; 74327; 17
; 74347; 17
; 74367; 17
; 74387; 17
; 74409; 17
; 74429; 17
; 74450; 17
; 74471; 17
; 74491; 17
; 74512; 17
; 74532; 17
; 74552; 17
; 74572; 17
; 74593; 17
; 74613; 17
; 74633; 17
; 74653; 17
; 74674; 17
; 74694; 17
; 74714; 17
; 74735; 17
; 74755; 17
; 74775; 17
; 74796; 17
; 74817; 17
; 74838; 17
; 74858; 17
; 74878; 17
; 74899; 17
; 74920; 17
; 74940; 17
; 74961; 17
; 74981; 17
; 75001; 17
; 75021; 17
; 75041; 17
; 75062; 17
; 75082; 17
; 75103; 17
; 75124; 17
; 75145; 17
; 75165; 17
; 75186; 17
; 75207; 17
; 75228; 17
; 75249; 17
; 75269; 17
; 75290; 17
; 75311; 17
; 75331; 17
; 75352; 17
; 75373; 17
; 75393; 17
; 75415; 17
; 75435; 17
; 75455; 17
; 75476; 17
; 75496; 17
; 75517; 17
; 75537; 17
; 75557; 17
; 75577; 17
; 75598; 17
; 75618; 17
; 75638; 17
; 75659; 17
; 75679; 17
; 75699; 17
; 75719; 17
; 75740; 17
; 75761; 17
; 75781; 17
; 75802; 17
; 75823; 17
; 75844; 17
; 75864; 17
; 75884; 17
; 75905; 17
; 75926; 17
; 75948; 17
; 75969; 17
; 75990; 17
; 76010; 17
; 76030; 17
; 76050; 17
; 76071; 17
; 76092; 17
; 76112; 17
; 76132; 17
; 76154; 17
; 76174; 17
; 76195; 17
; 76216; 17
; 76237; 17
; 76258; 17
; 76278; 17
; 76299; 17
; 76319; 17
; 76339; 17
; 76360; 17
; 76380; 17
; 76400; 17
; 76420; 17
; 76441; 17
; 76462; 17
; 76482; 17
; 76502; 17
; 76523; 17
; 76543; 17
; 76564; 17
; 76584; 17
; 76605; 17
; 76625; 17
; 76645; 17
; 76665; 17
; 76685; 17
; 76706; 17
; 76728; 17
; 76748; 17
; 76769; 17
; 76789; 17
; 76810; 17
; 76830; 17
; 76850; 17
; 76871; 17
; 76891; 17
; 76913; 17
; 76934; 17
; 76955; 17
; 76975; 17
; 76995; 17
; 77015; 17
; 77036; 17
; 77056; 17
; 77078; 17
; 77097; 17
; 77119; 17
; 77139; 17
; 77159; 17
; 77179; 17
; 77199; 17
; 77219; 17
; 77239; 17
; 77260; 17
; 77280; 17
; 77301; 17
; 77322; 17
; 77342; 17
; 77362; 17
; 77382; 17
; 77404; 17
; 77424; 17
; 77445; 17
; 77465; 17
; 77485; 17
; 77506; 17
; 77527; 17
; 77548; 17
; 77569; 17
; 77590; 17
; 77610; 17
; 77631; 17
; 77651; 17
; 77671; 17
; 77692; 17
; 77712; 17
; 77734; 17
; 77755; 17
; 77775; 17
; 77796; 17
; 77816; 17
; 77837; 17
; 77857; 17
; 77877; 17
; 77898; 17
; 77920; 17
; 77940; 17
; 77960; 17
; 77981; 17
; 78001; 17
; 78021; 17
; 78042; 17
; 78063; 17
; 78083; 17
; 78103; 17
; 78124; 17
; 78146; 17
; 78166; 17
; 78187; 17
; 78208; 17
; 78229; 17
; 78250; 17
; 78270; 17
; 78290; 17
; 78310; 17
; 78332; 17
; 78352; 17
; 78372; 17
; 78392; 17
; 78413; 17
; 78434; 17
; 78454; 17
; 78475; 17
; 78496; 17
; 78516; 17
; 78537; 17
; 78557; 17
; 78577; 17
; 78598; 17
; 78620; 17
; 78640; 17
; 78661; 17
; 78683; 17
; 78703; 17
; 78724; 17
; 78745; 17
; 78765; 17
; 78786; 17
; 78806; 17
; 78826; 17
; 78847; 17
; 78867; 17
; 78888; 17
; 78908; 17
; 78928; 17
; 78948; 17
; 78970; 17
; 78990; 17
; 79010; 17
; 79031; 17
; 79051; 17
; 79071; 17
; 79093; 17
; 79114; 17
; 79134; 17
; 79155; 17
; 79175; 17
; 79195; 17
; 79215; 17
; 79236; 17
; 79256; 17
; 79276; 17
; 79296; 17
; 79316; 17
; 79336; 17
; 79357; 17
; 79377; 17
; 79397; 17
; 79418; 17
; 79438; 17
; 79458; 17
; 79478; 17
; 79499; 17
; 79520; 17
; 79540; 17
; 79560; 17
; 79581; 17
; 79602; 17
; 79622; 17
; 79643; 17
; 79664; 17
; 79685; 17
; 79705; 17
; 79725; 17
; 79746; 17
; 79766; 17
; 79787; 17
; 79809; 17
; 79829; 17
; 79849; 17
; 79870; 17
; 79890; 17
; 79910; 17
; 79930; 17
; 79951; 17
; 79972; 17
; 79992; 17
; 80012; 17
; 80033; 17
; 80054; 17
; 80074; 17
; 80094; 17
; 80114; 17
; 80134; 17
; 80156; 17
; 80176; 17
; 80198; 17
; 80219; 17
; 80239; 17
; 80259; 17
; 80279; 17
; 80300; 17
; 80320; 17
; 80341; 17
; 80361; 17
; 80381; 17
; 80401; 17
; 80421; 17
; 80441; 17
; 80461; 17
; 80482; 17
; 80503; 17
; 80523; 17
; 80543; 17
; 80564; 17
; 80586; 17
; 80606; 17
; 80626; 17
; 80646; 17
; 80666; 17
; 80686; 17
; 80706; 17
; 80726; 17
; 80746; 17
; 80766; 17
; 80786; 17
; 80806; 17
; 80826; 17
; 80847; 17
; 80867; 17
; 80888; 17
; 80908; 17
; 80929; 17
; 80949; 17
; 80969; 17
; 80991; 17
; 81011; 17
; 81031; 17
; 81050; 17
; 81071; 17
; 81092; 17
; 81112; 17
; 81133; 17
; 81153; 17
; 81174; 17
; 81194; 17
; 81216; 17
; 81236; 17
; 81257; 17
; 81277; 17
; 81297; 17
; 81317; 17
; 81337; 17
; 81357; 17
; 81378; 17
; 81399; 17
; 81419; 17
; 81440; 17
; 81460; 17
; 81481; 17
; 81502; 17
; 81523; 17
; 81543; 17
; 81564; 17
; 81584; 17
; 81605; 17
; 81626; 17
; 81647; 17
; 81668; 17
; 81689; 17
; 81709; 17
; 81729; 17
; 81749; 17
; 81770; 17
; 81791; 17
; 81812; 17
; 81833; 17
; 81853; 17
; 81873; 17
; 81894; 17
; 81914; 17
; 81934; 17
; 81955; 17
; 81975; 17
; 81996; 17
; 82018; 17
; 82038; 17
; 82060; 17
; 82080; 17
; 82100; 17
; 82121; 17
; 82141; 17
; 82162; 17
; 82183; 17
; 82204; 17
; 82224; 17
; 82244; 17
; 82265; 17
; 82286; 17
; 82306; 17
; 82327; 17
; 82347; 17
; 82367; 17
; 82387; 17
; 82408; 17
; 82428; 17
; 82448; 17
; 82468; 17
; 82488; 17
; 82508; 17
; 82528; 17
; 82548; 17
; 82569; 17
; 82589; 17
; 82609; 17
; 82630; 17
; 82651; 17
; 82671; 17
; 82692; 17
; 82712; 17
; 82733; 17
; 82754; 17
; 82774; 17
; 82794; 17
; 82815; 17
; 82837; 17
; 82858; 17
; 82878; 17
; 82897; 17
; 82918; 17
; 82939; 17
; 82960; 17
; 82980; 17
; 83000; 17
; 83020; 17
; 83042; 17
; 83061; 17
; 83081; 17
; 83101; 17
; 83121; 17
; 83141; 17
; 83161; 17
; 83181; 17
; 83201; 17
; 83221; 17
; 83242; 17
; 83263; 17
; 83283; 17
; 83303; 17
; 83324; 17
; 83346; 17
; 83367; 17
; 83388; 17
; 83408; 17
; 83430; 17
; 83451; 17
; 83471; 17
; 83492; 17
; 83512; 17
; 83533; 17
; 83553; 17
; 83574; 17
; 83594; 17
; 83614; 17
; 83634; 17
; 83654; 17
; 83674; 17
; 83694; 17
; 83714; 17
; 83734; 17
; 83754; 17
; 83775; 17
; 83795; 17
; 83815; 17
; 83836; 17
; 83856; 17
; 83876; 17
; 83896; 17
; 83916; 17
; 83936; 17
; 83956; 17
; 83976; 17
; 83996; 17
; 84016; 17
; 84037; 17
; 84057; 17
; 84077; 17
; 84097; 17
; 84117; 17
; 84137; 17
; 84157; 17
; 84177; 17
; 84198; 17
; 84220; 17
; 84241; 17
; 84262; 17
; 84282; 17
; 84302; 17
; 84324; 17
; 84344; 17
; 84365; 17
